GEO.id,GEO.id2,GEO.display-label,HC01_VC05,HC02_VC05,HC03_VC05,HC04_VC05,HC01_VC06,HC02_VC06,HC03_VC06,HC04_VC06,HC01_VC08,HC02_VC08,HC03_VC08,HC04_VC08,HC01_VC16,HC02_VC16,HC03_VC16,HC04_VC16,HC01_VC17,HC02_VC17,HC03_VC17,HC04_VC17,HC01_VC18,HC02_VC18,HC03_VC18,HC04_VC18,HC01_VC88,HC02_VC88,HC03_VC88,HC04_VC88,HC01_VC89,HC02_VC89,HC03_VC89,HC04_VC89,HC01_VC90,HC02_VC90,HC03_VC90,HC04_VC90,HC01_VC91,HC02_VC91,HC03_VC91,HC04_VC91,HC01_VC92,HC02_VC92,HC03_VC92,HC04_VC92,HC01_VC93,HC02_VC93,HC03_VC93,HC04_VC93,HC01_VC95,HC02_VC95,HC03_VC95,HC04_VC95,HC01_VC96,HC02_VC96,HC03_VC96,HC04_VC96,HC01_VC97,HC02_VC97,HC03_VC97,HC04_VC97,HC01_VC98,HC02_VC98,HC03_VC98,HC04_VC98,HC01_VC115,HC02_VC115,HC03_VC115,HC04_VC115,HC01_VC128,HC02_VC128,HC03_VC128,HC04_VC128,HC01_VC130,HC02_VC130,HC03_VC130,HC04_VC130,HC01_VC137,HC02_VC137,HC03_VC137,HC04_VC137,HC01_VC138,HC02_VC138,HC03_VC138,HC04_VC138,HC01_VC139,HC02_VC139,HC03_VC139,HC04_VC139,HC01_VC141,HC02_VC141,HC03_VC141,HC04_VC141,HC01_VC143,HC02_VC143,HC03_VC143,HC04_VC143,HC01_VC144,HC02_VC144,HC03_VC144,HC04_VC144,HC01_VC146,HC02_VC146,HC03_VC146,HC04_VC146,HC01_VC148,HC02_VC148,HC03_VC148,HC04_VC148,HC01_VC150,HC02_VC150,HC03_VC150,HC04_VC150,HC01_VC152,HC02_VC152,HC03_VC152,HC04_VC152,HC01_VC156,HC02_VC156,HC03_VC156,HC04_VC156,HC01_VC157,HC02_VC157,HC03_VC157,HC04_VC157,HC01_VC158,HC02_VC158,HC03_VC158,HC04_VC158,HC01_VC159,HC02_VC159,HC03_VC159,HC04_VC159,HC01_VC160,HC02_VC160,HC03_VC160,HC04_VC160,HC01_VC161,HC02_VC161,HC03_VC161,HC04_VC161,HC01_VC162,HC02_VC162,HC03_VC162,HC04_VC162,HC01_VC163,HC02_VC163,HC03_VC163,HC04_VC163,HC01_VC164,HC02_VC164,HC03_VC164,HC04_VC164,HC01_VC167,HC02_VC167,HC03_VC167,HC04_VC167,HC01_VC168,HC02_VC168,HC03_VC168,HC04_VC168,HC01_VC170,HC02_VC170,HC03_VC170,HC04_VC170,HC01_VC171,HC02_VC171,HC03_VC171,HC04_VC171,HC01_VC173,HC02_VC173,HC03_VC173,HC04_VC173
1600000US3300980,3300980,"Alton CDP, New Hampshire",253,202,63.4,28.3,253,202,63.4,28.3,0,85,0.0,7.2,125,100,52.7,31.2,125,100,52.7,31.2,125,100,52.7,31.2,125,101,53.0,31.5,88903,16600,(X),(X),111,88,47.0,31.5,14258,5039,(X),(X),48,45,20.3,23.8,18640,6093,(X),(X),0,85,0.0,11.9,-,**,(X),(X),49,76,20.8,28.5,161,5,(X),(X),22857,4669,(X),(X),(X),(X),(X),(X),(X),(X),(X),(X),(X),(X),(X),(X),(X),(X),(X),(X),(X),(X),(X),(X),(X),(X),(X),(X),(X),(X),(X),(X),(X),(X),(X),(X),(X),(X),(X),(X),(X),(X),(X),(X),(X),(X),(X),(X),(X),(X),(X),(X),(X),(X),0.0,17.3,(X),(X),0.0,21.1,(X),(X),0.0,71.2,(X),(X),0.0,23.6,(X),(X),0.0,30.9,(X),(X),0.0,71.2,(X),(X),0.0,41.6,(X),(X),0.0,41.6,(X),(X),-,**,(X),(X),0.0,12.8,(X),(X),0.0,12.8,(X),(X),0.0,16.9,(X),(X),12.3,18.6,(X),(X),0.0,34.6
1600000US3301220,3301220,"Amherst CDP, New Hampshire",448,149,80.0,11.4,448,149,80.0,11.4,0,85,0.0,5.2,169,73,71.9,16.7,169,73,71.9,16.7,169,73,71.9,16.7,245,69,96.5,6.1,150374,52157,(X),(X),92,47,36.2,16.7,21423,6856,(X),(X),32,30,12.6,13.2,27100,23065,(X),(X),0,85,0.0,11.1,-,**,(X),(X),0,85,0.0,11.1,-,**,(X),(X),61161,19676,(X),(X),(X),(X),(X),(X),(X),(X),(X),(X),(X),(X),(X),(X),(X),(X),(X),(X),(X),(X),(X),(X),(X),(X),(X),(X),(X),(X),(X),(X),(X),(X),(X),(X),(X),(X),(X),(X),(X),(X),(X),(X),(X),(X),(X),(X),(X),(X),(X),(X),(X),(X),4.3,7.0,(X),(X),0.0,29.7,(X),(X),0.0,52.0,(X),(X),4.3,7.0,(X),(X),0.0,29.7,(X),(X),0.0,52.0,(X),(X),-,**,(X),(X),-,**,(X),(X),-,**,(X),(X),0.0,19.5,(X),(X),0.0,19.5,(X),(X),0.0,26.1,(X),(X),7.2,8.7,(X),(X),0.0,16.7
1600000US3301620,3301620,"Antrim CDP, New Hampshire",836,136,71.3,6.9,836,136,71.3,6.9,82,51,7.0,4.1,483,125,68.9,9.8,483,125,68.9,9.8,434,108,61.9,9.0,470,70,81.7,6.0,62896,7857,(X),(X),194,54,33.7,8.6,16445,3115,(X),(X),75,43,13.0,7.7,12645,4017,(X),(X),15,17,2.6,2.8,7947,5583,(X),(X),17,18,3.0,3.3,5253,7193,(X),(X),24625,3379,(X),(X),(X),(X),(X),(X),(X),(X),(X),(X),(X),(X),(X),(X),(X),(X),(X),(X),(X),(X),(X),(X),(X),(X),(X),(X),(X),(X),(X),(X),(X),(X),(X),(X),(X),(X),(X),(X),(X),(X),(X),(X),(X),(X),(X),(X),(X),(X),(X),(X),(X),(X),1.3,1.9,(X),(X),2.7,3.9,(X),(X),0.0,79.0,(X),(X),0.0,12.1,(X),(X),0.0,21.6,(X),(X),0.0,79.0,(X),(X),0.0,22.9,(X),(X),0.0,38.4,(X),(X),-,**,(X),(X),2.4,3.8,(X),(X),2.4,3.8,(X),(X),1.5,2.2,(X),(X),5.0,3.0,(X),(X),9.0,7.7
1600000US3301940,3301940,"Ashland CDP, New Hampshire",398,149,58.6,12.8,398,149,58.6,12.8,42,37,6.2,5.3,241,105,57.7,14.8,241,105,57.7,14.8,220,104,52.6,15.5,257,81,64.1,13.3,45659,11226,(X),(X),132,41,32.9,10.7,16395,2521,(X),(X),48,26,12.0,6.4,19688,11538,(X),(X),13,14,3.2,3.5,16269,8310,(X),(X),18,28,4.5,6.8,250,12,(X),(X),19096,3445,(X),(X),(X),(X),(X),(X),(X),(X),(X),(X),(X),(X),(X),(X),(X),(X),(X),(X),(X),(X),(X),(X),(X),(X),(X),(X),(X),(X),(X),(X),(X),(X),(X),(X),(X),(X),(X),(X),(X),(X),(X),(X),(X),(X),(X),(X),(X),(X),(X),(X),(X),(X),12.9,14.7,(X),(X),20.9,23.4,(X),(X),27.7,30.6,(X),(X),0.0,22.2,(X),(X),0.0,38.4,(X),(X),0.0,38.4,(X),(X),36.8,34.7,(X),(X),40.0,37.3,(X),(X),60.9,50.1,(X),(X),17.0,20.2,(X),(X),17.0,20.2,(X),(X),0.0,43.5,(X),(X),14.5,7.2,(X),(X),20.9,18.5
1600000US3303620,3303620,"Bartlett CDP, New Hampshire",148,101,85.1,18.4,148,101,85.1,18.4,33,49,19.0,26.4,74,68,74.0,31.4,74,68,74.0,31.4,74,68,74.0,31.4,89,56,85.6,21.9,37573,22934,(X),(X),33,49,31.7,38.6,12264,5,(X),(X),18,28,17.3,24.8,2822,12,(X),(X),15,23,14.4,21.9,14087,15,(X),(X),0,85,0.0,24.7,-,**,(X),(X),18009,10490,(X),(X),(X),(X),(X),(X),(X),(X),(X),(X),(X),(X),(X),(X),(X),(X),(X),(X),(X),(X),(X),(X),(X),(X),(X),(X),(X),(X),(X),(X),(X),(X),(X),(X),(X),(X),(X),(X),(X),(X),(X),(X),(X),(X),(X),(X),(X),(X),(X),(X),(X),(X),31.3,51.5,(X),(X),50.0,50.0,(X),(X),-,**,(X),(X),0.0,49.6,(X),(X),0.0,73.6,(X),(X),-,**,(X),(X),100.0,73.6,(X),(X),100.0,73.6,(X),(X),-,**,(X),(X),73.8,64.4,(X),(X),73.8,64.4,(X),(X),66.0,66.0,(X),(X),29.9,34.0,(X),(X),-,**
1600000US3304660,3304660,"Belmont CDP, New Hampshire",596,206,54.5,10.4,596,206,54.5,10.4,11,19,1.0,1.8,246,107,40.2,15.5,246,107,40.2,15.5,235,107,38.4,15.4,403,123,74.6,13.0,47748,9647,(X),(X),245,114,45.4,16.8,16839,3398,(X),(X),112,49,20.7,10.4,17171,7934,(X),(X),58,63,10.7,11.5,12445,4945,(X),(X),19,31,3.5,5.7,2042,9,(X),(X),17211,3628,(X),(X),(X),(X),(X),(X),(X),(X),(X),(X),(X),(X),(X),(X),(X),(X),(X),(X),(X),(X),(X),(X),(X),(X),(X),(X),(X),(X),(X),(X),(X),(X),(X),(X),(X),(X),(X),(X),(X),(X),(X),(X),(X),(X),(X),(X),(X),(X),(X),(X),(X),(X),7.1,8.1,(X),(X),6.7,10.7,(X),(X),0.0,27.7,(X),(X),12.1,13.5,(X),(X),12.6,20.3,(X),(X),0.0,55.9,(X),(X),0.0,24.3,(X),(X),0.0,36.7,(X),(X),-,**,(X),(X),6.5,10.6,(X),(X),6.6,10.7,(X),(X),4.4,8.0,(X),(X),16.9,8.8,(X),(X),0.0,11.6
1600000US3304820,3304820,"Bennington CDP, New Hampshire",114,37,72.2,9.3,114,37,72.2,9.3,3,4,1.9,2.9,57,25,70.4,14.7,57,25,70.4,14.7,57,25,70.4,14.7,72,24,85.7,9.5,39801,8055,(X),(X),30,17,35.7,17.3,10440,2385,(X),(X),6,6,7.1,7.3,19833,15097,(X),(X),0,85,0.0,29.2,-,**,(X),(X),0,85,0.0,29.2,-,**,(X),(X),19550,4954,(X),(X),(X),(X),(X),(X),(X),(X),(X),(X),(X),(X),(X),(X),(X),(X),(X),(X),(X),(X),(X),(X),(X),(X),(X),(X),(X),(X),(X),(X),(X),(X),(X),(X),(X),(X),(X),(X),(X),(X),(X),(X),(X),(X),(X),(X),(X),(X),(X),(X),(X),(X),0.0,39.9,(X),(X),0.0,47.5,(X),(X),0.0,65.4,(X),(X),0.0,47.5,(X),(X),0.0,58.2,(X),(X),0.0,95.0,(X),(X),0.0,79.0,(X),(X),0.0,90.1,(X),(X),0.0,90.1,(X),(X),0.0,35.3,(X),(X),0.0,35.3,(X),(X),0.0,48.9,(X),(X),8.3,6.0,(X),(X),16.7,24.5
1600000US3305140,3305140,"Berlin city, New Hampshire",4831,349,56.2,4.4,4831,349,56.2,4.4,517,136,6.0,1.6,2175,207,52.8,4.8,2175,207,52.8,4.8,2029,197,49.3,4.7,3062,237,68.7,3.6,49669,4134,(X),(X),1843,183,41.4,3.7,14669,861,(X),(X),1099,147,24.7,3.4,11949,1832,(X),(X),234,99,5.3,2.3,11048,3228,(X),(X),198,97,4.4,2.2,3945,1556,(X),(X),20418,1271,(X),(X),(X),(X),(X),(X),(X),(X),(X),(X),(X),(X),(X),(X),(X),(X),(X),(X),(X),(X),(X),(X),(X),(X),(X),(X),(X),(X),(X),(X),(X),(X),(X),(X),(X),(X),(X),(X),(X),(X),(X),(X),(X),(X),(X),(X),(X),(X),(X),(X),(X),(X),10.3,3.7,(X),(X),19.9,8.0,(X),(X),18.1,13.6,(X),(X),4.7,3.0,(X),(X),7.7,6.9,(X),(X),0.0,15.0,(X),(X),42.1,13.2,(X),(X),56.7,18.7,(X),(X),43.9,43.2,(X),(X),26.1,10.1,(X),(X),26.1,10.1,(X),(X),27.9,10.8,(X),(X),13.4,3.0,(X),(X),7.5,2.9
1600000US3305380,3305380,"Bethlehem CDP, New Hampshire",581,143,78.5,7.9,581,143,78.5,7.9,17,17,2.3,2.3,280,84,74.1,12.7,280,84,74.1,12.7,271,82,71.7,12.5,375,95,89.9,5.7,51810,10703,(X),(X),56,30,13.4,7.1,16338,3607,(X),(X),42,28,10.1,6.4,10383,4942,(X),(X),5,7,1.2,1.8,18660,30,(X),(X),0,85,0.0,6.9,-,**,(X),(X),21841,4387,(X),(X),(X),(X),(X),(X),(X),(X),(X),(X),(X),(X),(X),(X),(X),(X),(X),(X),(X),(X),(X),(X),(X),(X),(X),(X),(X),(X),(X),(X),(X),(X),(X),(X),(X),(X),(X),(X),(X),(X),(X),(X),(X),(X),(X),(X),(X),(X),(X),(X),(X),(X),12.4,15.5,(X),(X),24.6,27.1,(X),(X),0.0,65.4,(X),(X),13.5,16.7,(X),(X),29.1,30.7,(X),(X),0.0,65.4,(X),(X),-,**,(X),(X),-,**,(X),(X),-,**,(X),(X),24.3,22.9,(X),(X),24.3,22.9,(X),(X),22.4,21.8,(X),(X),15.6,10.3,(X),(X),8.3,13.4
1600000US3306020,3306020,"Blodgett Landing CDP, New Hampshire",26,27,52.0,36.2,26,27,52.0,36.2,0,85,0.0,40.3,21,24,55.3,41.7,21,24,55.3,41.7,21,24,55.3,41.7,13,13,40.6,34.9,59615,42729,(X),(X),13,11,40.6,30.7,21746,11573,(X),(X),0,85,0.0,50.4,-,**,(X),(X),0,85,0.0,50.4,-,**,(X),(X),6,8,18.8,27.7,217,29,(X),(X),18001,17350,(X),(X),(X),(X),(X),(X),(X),(X),(X),(X),(X),(X),(X),(X),(X),(X),(X),(X),(X),(X),(X),(X),(X),(X),(X),(X),(X),(X),(X),(X),(X),(X),(X),(X),(X),(X),(X),(X),(X),(X),(X),(X),(X),(X),(X),(X),(X),(X),(X),(X),(X),(X),0.0,63.7,(X),(X),0.0,100.0,(X),(X),-,**,(X),(X),0.0,82.3,(X),(X),-,**,(X),(X),-,**,(X),(X),0.0,100.0,(X),(X),0.0,100.0,(X),(X),-,**,(X),(X),0.0,54.8,(X),(X),0.0,54.8,(X),(X),0.0,65.4,(X),(X),12.0,19.2,(X),(X),25.0,32.5
1600000US3306900,3306900,"Bradford CDP, New Hampshire",153,55,69.5,13.3,153,55,69.5,13.3,7,7,3.2,3.2,63,31,62.4,18.6,63,31,62.4,18.6,63,31,62.4,18.6,86,29,72.9,16.8,64541,15236,(X),(X),33,19,28.0,15.4,9939,3788,(X),(X),31,19,26.3,15.4,27832,12231,(X),(X),0,85,0.0,22.2,-,**,(X),(X),4,5,3.4,4.6,1150,66,(X),(X),25983,5826,(X),(X),(X),(X),(X),(X),(X),(X),(X),(X),(X),(X),(X),(X),(X),(X),(X),(X),(X),(X),(X),(X),(X),(X),(X),(X),(X),(X),(X),(X),(X),(X),(X),(X),(X),(X),(X),(X),(X),(X),(X),(X),(X),(X),(X),(X),(X),(X),(X),(X),(X),(X),0.0,32.0,(X),(X),0.0,45.1,(X),(X),0.0,90.1,(X),(X),0.0,33.0,(X),(X),0.0,45.1,(X),(X),0.0,90.1,(X),(X),-,**,(X),(X),-,**,(X),(X),-,**,(X),(X),0.0,36.3,(X),(X),0.0,36.3,(X),(X),0.0,47.5,(X),(X),8.9,9.6,(X),(X),23.7,33.7
1600000US3307620,3307620,"Bristol CDP, New Hampshire",771,171,56.2,8.6,771,171,56.2,8.6,18,20,1.3,1.5,436,109,56.6,11.0,436,109,56.6,11.0,428,107,55.6,10.8,545,111,66.8,9.1,44425,7888,(X),(X),311,100,38.1,9.4,14288,2172,(X),(X),200,90,24.5,10.0,16561,6263,(X),(X),31,28,3.8,3.4,9352,1747,(X),(X),51,45,6.3,5.5,5639,4866,(X),(X),20328,3197,(X),(X),(X),(X),(X),(X),(X),(X),(X),(X),(X),(X),(X),(X),(X),(X),(X),(X),(X),(X),(X),(X),(X),(X),(X),(X),(X),(X),(X),(X),(X),(X),(X),(X),(X),(X),(X),(X),(X),(X),(X),(X),(X),(X),(X),(X),(X),(X),(X),(X),(X),(X),8.2,7.0,(X),(X),15.0,15.4,(X),(X),-,**,(X),(X),8.3,8.4,(X),(X),18.1,24.3,(X),(X),-,**,(X),(X),9.3,16.4,(X),(X),13.9,21.7,(X),(X),-,**,(X),(X),27.5,25.8,(X),(X),27.5,25.8,(X),(X),29.6,27.0,(X),(X),14.1,6.5,(X),(X),18.4,16.7
1600000US3308900,3308900,"Canaan CDP, New Hampshire",232,72,50.5,14.3,232,72,50.5,14.3,18,20,3.9,4.5,111,54,53.6,12.5,111,54,53.6,12.5,111,54,53.6,12.5,153,59,69.9,15.8,55231,21801,(X),(X),152,77,69.4,19.4,16294,3754,(X),(X),49,32,22.4,15.2,5473,2787,(X),(X),0,85,0.0,12.8,-,**,(X),(X),0,85,0.0,12.8,-,**,(X),(X),22398,6105,(X),(X),(X),(X),(X),(X),(X),(X),(X),(X),(X),(X),(X),(X),(X),(X),(X),(X),(X),(X),(X),(X),(X),(X),(X),(X),(X),(X),(X),(X),(X),(X),(X),(X),(X),(X),(X),(X),(X),(X),(X),(X),(X),(X),(X),(X),(X),(X),(X),(X),(X),(X),16.0,21.0,(X),(X),11.7,22.2,(X),(X),-,**,(X),(X),22.9,28.2,(X),(X),18.2,29.3,(X),(X),-,**,(X),(X),0.0,100.0,(X),(X),-,**,(X),(X),-,**,(X),(X),10.3,20.3,(X),(X),10.3,20.3,(X),(X),10.3,20.3,(X),(X),16.2,16.8,(X),(X),10.8,18.1
1600000US3310820,3310820,"Center Ossipee CDP, New Hampshire",206,134,55.1,15.4,206,134,55.1,15.4,0,85,0.0,7.7,112,74,51.6,19.4,112,74,51.6,19.4,112,74,51.6,19.4,121,65,74.2,19.9,71922,27671,(X),(X),42,32,25.8,19.9,14621,1748,(X),(X),10,16,6.1,9.9,1340,17,(X),(X),10,16,6.1,9.9,12590,23,(X),(X),0,85,0.0,16.7,-,**,(X),(X),17245,6265,(X),(X),(X),(X),(X),(X),(X),(X),(X),(X),(X),(X),(X),(X),(X),(X),(X),(X),(X),(X),(X),(X),(X),(X),(X),(X),(X),(X),(X),(X),(X),(X),(X),(X),(X),(X),(X),(X),(X),(X),(X),(X),(X),(X),(X),(X),(X),(X),(X),(X),(X),(X),0.0,27.5,(X),(X),0.0,27.5,(X),(X),-,**,(X),(X),0.0,29.7,(X),(X),0.0,29.7,(X),(X),-,**,(X),(X),0.0,95.0,(X),(X),0.0,95.0,(X),(X),-,**,(X),(X),0.0,11.3,(X),(X),0.0,11.3,(X),(X),0.0,11.3,(X),(X),7.4,7.1,(X),(X),12.5,13.1
1600000US3310900,3310900,"Center Sandwich CDP, New Hampshire",41,20,50.0,15.8,41,20,50.0,15.8,0,85,0.0,29.7,27,13,45.8,14.4,27,13,45.8,14.4,27,13,45.8,14.4,34,15,61.8,15.2,46276,18312,(X),(X),31,12,56.4,17.5,15439,4883,(X),(X),23,13,41.8,17.5,27974,6707,(X),(X),0,85,0.0,38.4,-,**,(X),(X),0,85,0.0,38.4,-,**,(X),(X),31957,6845,(X),(X),(X),(X),(X),(X),(X),(X),(X),(X),(X),(X),(X),(X),(X),(X),(X),(X),(X),(X),(X),(X),(X),(X),(X),(X),(X),(X),(X),(X),(X),(X),(X),(X),(X),(X),(X),(X),(X),(X),(X),(X),(X),(X),(X),(X),(X),(X),(X),(X),(X),(X),13.3,22.8,(X),(X),0.0,100.0,(X),(X),-,**,(X),(X),0.0,65.4,(X),(X),-,**,(X),(X),-,**,(X),(X),36.4,48.2,(X),(X),0.0,100.0,(X),(X),-,**,(X),(X),0.0,95.0,(X),(X),0.0,95.0,(X),(X),0.0,95.0,(X),(X),19.5,20.4,(X),(X),27.0,30.1
1600000US3311300,3311300,"Charlestown CDP, New Hampshire",536,181,71.9,12.1,536,181,71.9,12.1,0,85,0.0,3.9,334,124,79.7,13.9,334,124,79.7,13.9,334,124,79.7,13.9,407,143,93.8,7.8,52699,8694,(X),(X),104,67,24.0,15.6,10648,2289,(X),(X),89,85,20.5,18.2,6215,4313,(X),(X),53,63,12.2,14.6,11019,2646,(X),(X),0,85,0.0,6.7,-,**,(X),(X),26651,4479,(X),(X),(X),(X),(X),(X),(X),(X),(X),(X),(X),(X),(X),(X),(X),(X),(X),(X),(X),(X),(X),(X),(X),(X),(X),(X),(X),(X),(X),(X),(X),(X),(X),(X),(X),(X),(X),(X),(X),(X),(X),(X),(X),(X),(X),(X),(X),(X),(X),(X),(X),(X),9.4,12.8,(X),(X),22.1,29.2,(X),(X),100.0,52.9,(X),(X),0.0,13.2,(X),(X),0.0,48.2,(X),(X),-,**,(X),(X),42.0,58.0,(X),(X),42.0,58.0,(X),(X),100.0,52.9,(X),(X),21.1,21.6,(X),(X),15.6,22.5,(X),(X),0.0,19.8,(X),(X),6.2,6.2,(X),(X),0.0,43.5
1600000US3312900,3312900,"Claremont city, New Hampshire",7109,298,66.2,2.7,7109,298,66.2,2.7,626,175,5.8,1.6,3445,247,62.2,3.7,3445,247,62.2,3.7,3159,245,57.1,3.8,4350,190,75.4,2.7,52467,4394,(X),(X),2052,228,35.6,3.8,15737,854,(X),(X),949,143,16.5,2.4,12114,3008,(X),(X),421,144,7.3,2.5,7058,861,(X),(X),406,137,7.0,2.3,3687,1428,(X),(X),21853,1405,(X),(X),(X),(X),(X),(X),(X),(X),(X),(X),(X),(X),(X),(X),(X),(X),(X),(X),(X),(X),(X),(X),(X),(X),(X),(X),(X),(X),(X),(X),(X),(X),(X),(X),(X),(X),(X),(X),(X),(X),(X),(X),(X),(X),(X),(X),(X),(X),(X),(X),(X),(X),13.1,4.5,(X),(X),22.7,7.8,(X),(X),50.7,18.6,(X),(X),2.9,2.5,(X),(X),2.8,3.3,(X),(X),0.0,20.2,(X),(X),35.8,13.1,(X),(X),45.2,16.9,(X),(X),77.4,24.1,(X),(X),21.2,7.8,(X),(X),17.8,7.5,(X),(X),9.3,6.0,(X),(X),13.8,3.1,(X),(X),6.4,2.9
1600000US3313700,3313700,"Colebrook CDP, New Hampshire",762,143,62.1,7.3,762,143,62.1,7.3,41,35,3.3,2.8,318,70,52.8,9.1,318,70,52.8,9.1,318,70,52.8,9.1,475,90,61.7,7.7,46970,9117,(X),(X),378,89,49.1,9.1,13329,1334,(X),(X),112,62,14.5,7.7,12127,3593,(X),(X),31,21,4.0,2.8,6948,3754,(X),(X),65,48,8.4,5.9,851,757,(X),(X),22481,3185,(X),(X),(X),(X),(X),(X),(X),(X),(X),(X),(X),(X),(X),(X),(X),(X),(X),(X),(X),(X),(X),(X),(X),(X),(X),(X),(X),(X),(X),(X),(X),(X),(X),(X),(X),(X),(X),(X),(X),(X),(X),(X),(X),(X),(X),(X),(X),(X),(X),(X),(X),(X),8.2,7.0,(X),(X),23.1,21.4,(X),(X),-,**,(X),(X),1.9,2.5,(X),(X),0.0,37.7,(X),(X),-,**,(X),(X),38.2,30.3,(X),(X),61.8,40.6,(X),(X),-,**,(X),(X),21.6,20.9,(X),(X),21.6,20.9,(X),(X),22.4,21.5,(X),(X),10.8,6.7,(X),(X),24.7,19.9
1600000US3314200,3314200,"Concord city, New Hampshire",23463,686,66.7,1.9,23463,686,66.7,1.9,1577,371,4.5,1.1,11699,447,65.1,2.2,11699,447,65.1,2.2,11073,479,61.6,2.3,14615,414,81.2,1.5,70075,3040,(X),(X),5154,342,28.6,1.8,15102,704,(X),(X),3077,293,17.1,1.6,20096,2601,(X),(X),962,204,5.3,1.1,8649,1308,(X),(X),656,180,3.6,1.0,2158,737,(X),(X),30037,1362,(X),(X),(X),(X),(X),(X),(X),(X),(X),(X),(X),(X),(X),(X),(X),(X),(X),(X),(X),(X),(X),(X),(X),(X),(X),(X),(X),(X),(X),(X),(X),(X),(X),(X),(X),(X),(X),(X),(X),(X),(X),(X),(X),(X),(X),(X),(X),(X),(X),(X),(X),(X),6.6,1.7,(X),(X),10.0,2.7,(X),(X),13.0,7.5,(X),(X),2.6,1.5,(X),(X),1.4,1.4,(X),(X),3.0,4.6,(X),(X),19.4,5.7,(X),(X),25.6,7.5,(X),(X),47.1,25.8,(X),(X),10.5,2.6,(X),(X),10.1,2.6,(X),(X),9.3,2.7,(X),(X),10.2,1.5,(X),(X),8.0,2.3
1600000US3314340,3314340,"Contoocook CDP, New Hampshire",856,209,75.0,10.4,856,209,75.0,10.4,29,37,2.5,3.4,375,119,70.8,14.8,375,119,70.8,14.8,369,119,69.6,14.2,527,121,90.5,8.9,75461,14425,(X),(X),153,83,26.3,14.5,20353,5353,(X),(X),192,93,33.0,15.2,33297,12952,(X),(X),0,85,0.0,5.0,-,**,(X),(X),0,85,0.0,5.0,-,**,(X),(X),41813,5035,(X),(X),(X),(X),(X),(X),(X),(X),(X),(X),(X),(X),(X),(X),(X),(X),(X),(X),(X),(X),(X),(X),(X),(X),(X),(X),(X),(X),(X),(X),(X),(X),(X),(X),(X),(X),(X),(X),(X),(X),(X),(X),(X),(X),(X),(X),(X),(X),(X),(X),(X),(X),0.0,6.6,(X),(X),0.0,21.1,(X),(X),-,**,(X),(X),0.0,7.3,(X),(X),0.0,24.3,(X),(X),-,**,(X),(X),0.0,65.4,(X),(X),0.0,65.4,(X),(X),-,**,(X),(X),0.0,13.2,(X),(X),0.0,13.2,(X),(X),0.0,13.8,(X),(X),2.6,3.4,(X),(X),0.0,13.3
1600000US3314580,3314580,"Conway CDP, New Hampshire",906,250,73.1,9.7,906,250,73.1,9.7,145,114,11.7,8.4,350,126,73.2,13.8,350,126,73.2,13.8,287,110,60.0,17.2,614,168,79.8,10.7,50790,19051,(X),(X),192,78,25.0,10.0,10484,3163,(X),(X),85,64,11.1,8.0,21364,19022,(X),(X),56,63,7.3,7.9,10464,272,(X),(X),0,85,0.0,3.8,-,**,(X),(X),24752,7788,(X),(X),(X),(X),(X),(X),(X),(X),(X),(X),(X),(X),(X),(X),(X),(X),(X),(X),(X),(X),(X),(X),(X),(X),(X),(X),(X),(X),(X),(X),(X),(X),(X),(X),(X),(X),(X),(X),(X),(X),(X),(X),(X),(X),(X),(X),(X),(X),(X),(X),(X),(X),7.9,8.3,(X),(X),0.0,14.9,(X),(X),0.0,41.1,(X),(X),5.2,8.1,(X),(X),0.0,18.5,(X),(X),0.0,41.1,(X),(X),72.2,59.2,(X),(X),0.0,100.0,(X),(X),-,**,(X),(X),0.0,8.2,(X),(X),0.0,8.2,(X),(X),0.0,13.5,(X),(X),24.1,11.3,(X),(X),37.5,25.1
1600000US3317860,3317860,"Derry CDP, New Hampshire",13189,653,73.9,2.5,13169,651,73.7,2.5,1029,237,5.8,1.3,6078,439,66.6,4.0,6078,439,66.6,4.0,5661,432,62.0,4.1,7572,378,84.8,2.5,74253,4225,(X),(X),2097,266,23.5,2.8,15910,1196,(X),(X),1199,164,13.4,1.9,22840,3519,(X),(X),335,132,3.7,1.5,10728,1977,(X),(X),185,95,2.1,1.1,2719,1319,(X),(X),29324,1420,(X),(X),(X),(X),(X),(X),(X),(X),(X),(X),(X),(X),(X),(X),(X),(X),(X),(X),(X),(X),(X),(X),(X),(X),(X),(X),(X),(X),(X),(X),(X),(X),(X),(X),(X),(X),(X),(X),(X),(X),(X),(X),(X),(X),(X),(X),(X),(X),(X),(X),(X),(X),6.8,2.5,(X),(X),12.0,4.6,(X),(X),0.0,7.1,(X),(X),2.0,1.5,(X),(X),3.0,2.7,(X),(X),0.0,8.1,(X),(X),22.3,9.6,(X),(X),30.8,11.9,(X),(X),0.0,45.6,(X),(X),13.7,6.3,(X),(X),13.5,6.4,(X),(X),13.6,5.5,(X),(X),6.6,1.4,(X),(X),7.8,3.4
1600000US3318820,3318820,"Dover city, New Hampshire",18225,597,73.4,2.2,18141,613,73.1,2.2,1052,283,4.2,1.1,8689,445,69.9,2.4,8681,448,69.9,2.4,8182,488,65.9,2.8,10217,338,82.2,2.3,76294,3026,(X),(X),3015,295,24.3,2.1,14990,944,(X),(X),1845,230,14.8,1.7,25088,10596,(X),(X),475,155,3.8,1.2,9617,1709,(X),(X),363,154,2.9,1.2,4141,1879,(X),(X),31795,1495,(X),(X),(X),(X),(X),(X),(X),(X),(X),(X),(X),(X),(X),(X),(X),(X),(X),(X),(X),(X),(X),(X),(X),(X),(X),(X),(X),(X),(X),(X),(X),(X),(X),(X),(X),(X),(X),(X),(X),(X),(X),(X),(X),(X),(X),(X),(X),(X),(X),(X),(X),(X),7.0,2.5,(X),(X),12.3,4.6,(X),(X),21.6,13.3,(X),(X),1.3,1.1,(X),(X),0.8,1.2,(X),(X),0.0,5.6,(X),(X),27.9,10.0,(X),(X),42.3,13.7,(X),(X),69.9,25.0,(X),(X),12.3,4.6,(X),(X),12.1,4.6,(X),(X),9.0,4.1,(X),(X),9.8,2.0,(X),(X),8.9,3.5
1600000US3319620,3319620,"Durham CDP, New Hampshire",4529,554,54.2,4.4,4529,554,54.2,4.4,405,167,4.8,2.1,2887,454,57.3,5.1,2887,454,57.3,5.1,2629,459,52.1,5.1,1090,171,80.1,5.1,83929,13942,(X),(X),303,73,22.3,5.1,17982,2538,(X),(X),238,76,17.5,5.3,24102,6048,(X),(X),61,44,4.5,3.2,5928,3868,(X),(X),14,13,1.0,1.0,4686,5914,(X),(X),14729,2356,(X),(X),(X),(X),(X),(X),(X),(X),(X),(X),(X),(X),(X),(X),(X),(X),(X),(X),(X),(X),(X),(X),(X),(X),(X),(X),(X),(X),(X),(X),(X),(X),(X),(X),(X),(X),(X),(X),(X),(X),(X),(X),(X),(X),(X),(X),(X),(X),(X),(X),(X),(X),7.1,6.9,(X),(X),6.9,7.3,(X),(X),0.0,53.8,(X),(X),0.0,5.2,(X),(X),0.0,11.8,(X),(X),0.0,53.8,(X),(X),47.1,34.8,(X),(X),36.7,35.3,(X),(X),-,**,(X),(X),4.5,5.0,(X),(X),4.5,5.0,(X),(X),5.7,6.2,(X),(X),33.3,9.6,(X),(X),5.4,5.7
1600000US3321780,3321780,"East Merrimack CDP, New Hampshire",2526,313,73.5,4.4,2511,314,73.0,4.6,110,65,3.2,1.8,1297,174,70.9,6.0,1297,174,70.9,6.0,1275,171,69.7,6.0,1561,179,81.6,4.7,66111,10602,(X),(X),568,95,29.7,5.3,17707,2257,(X),(X),365,103,19.1,6.0,21053,5810,(X),(X),57,46,3.0,2.5,7995,2953,(X),(X),14,23,0.7,1.2,2021,11,(X),(X),29711,4183,(X),(X),(X),(X),(X),(X),(X),(X),(X),(X),(X),(X),(X),(X),(X),(X),(X),(X),(X),(X),(X),(X),(X),(X),(X),(X),(X),(X),(X),(X),(X),(X),(X),(X),(X),(X),(X),(X),(X),(X),(X),(X),(X),(X),(X),(X),(X),(X),(X),(X),(X),(X),8.0,6.7,(X),(X),13.4,12.8,(X),(X),0.0,10.7,(X),(X),6.3,6.1,(X),(X),10.5,12.7,(X),(X),0.0,12.8,(X),(X),14.3,20.6,(X),(X),21.2,32.7,(X),(X),0.0,41.6,(X),(X),19.3,18.8,(X),(X),19.3,18.8,(X),(X),25.4,23.9,(X),(X),9.8,4.8,(X),(X),11.4,8.0
1600000US3324260,3324260,"Enfield CDP, New Hampshire",685,217,74.0,13.1,685,217,74.0,13.1,0,85,0.0,3.2,355,133,69.6,15.6,355,133,69.6,15.6,355,133,69.6,15.6,523,153,91.1,9.2,48913,10998,(X),(X),198,91,34.5,14.7,15837,4502,(X),(X),135,66,23.5,11.0,11844,7124,(X),(X),0,85,0.0,5.1,-,**,(X),(X),0,85,0.0,5.1,-,**,(X),(X),28425,6544,(X),(X),(X),(X),(X),(X),(X),(X),(X),(X),(X),(X),(X),(X),(X),(X),(X),(X),(X),(X),(X),(X),(X),(X),(X),(X),(X),(X),(X),(X),(X),(X),(X),(X),(X),(X),(X),(X),(X),(X),(X),(X),(X),(X),(X),(X),(X),(X),(X),(X),(X),(X),0.0,8.7,(X),(X),0.0,18.6,(X),(X),0.0,49.6,(X),(X),0.0,11.6,(X),(X),0.0,37.4,(X),(X),0.0,49.6,(X),(X),0.0,38.8,(X),(X),0.0,38.8,(X),(X),-,**,(X),(X),0.0,10.5,(X),(X),0.0,10.5,(X),(X),0.0,12.6,(X),(X),3.9,4.4,(X),(X),0.0,12.8
1600000US3324580,3324580,"Epping CDP, New Hampshire",881,248,63.8,10.2,881,248,63.8,10.2,0,85,0.0,2.1,351,125,57.3,14.1,351,125,57.3,14.1,351,125,57.3,14.1,643,179,80.6,9.3,59811,15034,(X),(X),261,100,32.7,12.5,18004,2975,(X),(X),186,64,23.3,9.4,15966,7419,(X),(X),0,85,0.0,3.7,-,**,(X),(X),30,35,3.8,4.7,777,105,(X),(X),31038,6118,(X),(X),(X),(X),(X),(X),(X),(X),(X),(X),(X),(X),(X),(X),(X),(X),(X),(X),(X),(X),(X),(X),(X),(X),(X),(X),(X),(X),(X),(X),(X),(X),(X),(X),(X),(X),(X),(X),(X),(X),(X),(X),(X),(X),(X),(X),(X),(X),(X),(X),(X),(X),8.4,10.5,(X),(X),17.6,29.1,(X),(X),-,**,(X),(X),10.9,13.5,(X),(X),21.8,35.2,(X),(X),-,**,(X),(X),0.0,44.0,(X),(X),0.0,58.2,(X),(X),-,**,(X),(X),21.8,30.3,(X),(X),21.8,30.3,(X),(X),17.2,25.3,(X),(X),5.6,6.5,(X),(X),0.0,8.8
1600000US3325300,3325300,"Exeter CDP, New Hampshire",5570,418,69.4,3.8,5570,418,69.4,3.8,311,133,3.9,1.6,2829,288,63.8,4.8,2829,288,63.8,4.8,2697,289,60.8,4.9,3357,230,79.0,4.0,80726,6069,(X),(X),1143,178,26.9,4.2,16717,1507,(X),(X),709,162,16.7,3.6,17746,3084,(X),(X),226,112,5.3,2.7,10697,2695,(X),(X),121,92,2.8,2.2,6854,2529,(X),(X),34685,2704,(X),(X),(X),(X),(X),(X),(X),(X),(X),(X),(X),(X),(X),(X),(X),(X),(X),(X),(X),(X),(X),(X),(X),(X),(X),(X),(X),(X),(X),(X),(X),(X),(X),(X),(X),(X),(X),(X),(X),(X),(X),(X),(X),(X),(X),(X),(X),(X),(X),(X),(X),(X),3.3,2.3,(X),(X),6.6,4.5,(X),(X),0.0,14.7,(X),(X),0.0,1.5,(X),(X),0.0,3.3,(X),(X),0.0,20.0,(X),(X),18.5,11.5,(X),(X),28.0,16.6,(X),(X),0.0,43.0,(X),(X),11.1,6.6,(X),(X),9.4,6.4,(X),(X),8.6,6.8,(X),(X),6.1,2.1,(X),(X),4.9,5.4
1600000US3325940,3325940,"Farmington CDP, New Hampshire",2147,407,73.3,6.5,2147,407,73.3,6.5,222,122,7.6,3.9,990,190,66.0,8.1,990,190,66.0,8.1,889,186,59.3,8.9,1129,213,76.5,8.3,58131,12426,(X),(X),547,173,37.1,10.7,11664,1238,(X),(X),231,103,15.7,7.4,11159,4228,(X),(X),67,68,4.5,4.5,2927,1203,(X),(X),68,73,4.6,4.9,2097,2925,(X),(X),23727,4569,(X),(X),(X),(X),(X),(X),(X),(X),(X),(X),(X),(X),(X),(X),(X),(X),(X),(X),(X),(X),(X),(X),(X),(X),(X),(X),(X),(X),(X),(X),(X),(X),(X),(X),(X),(X),(X),(X),(X),(X),(X),(X),(X),(X),(X),(X),(X),(X),(X),(X),(X),(X),9.5,7.2,(X),(X),13.7,12.6,(X),(X),40.2,38.2,(X),(X),10.0,8.6,(X),(X),14.3,16.9,(X),(X),47.5,52.5,(X),(X),16.7,25.7,(X),(X),23.5,34.6,(X),(X),100.0,63.7,(X),(X),9.4,8.0,(X),(X),8.2,8.5,(X),(X),1.8,3.4,(X),(X),19.9,6.4,(X),(X),22.2,17.2
1600000US3327380,3327380,"Franklin city, New Hampshire",4376,284,65.5,3.6,4376,284,65.5,3.6,314,103,4.7,1.5,2029,231,59.0,5.5,2029,231,59.0,5.5,1918,229,55.8,5.6,2605,160,77.2,3.8,56201,4577,(X),(X),1006,152,29.8,4.0,13994,1259,(X),(X),626,117,18.5,3.4,15166,3206,(X),(X),244,95,7.2,2.8,8128,1177,(X),(X),219,95,6.5,2.8,5427,2238,(X),(X),21509,1431,(X),(X),(X),(X),(X),(X),(X),(X),(X),(X),(X),(X),(X),(X),(X),(X),(X),(X),(X),(X),(X),(X),(X),(X),(X),(X),(X),(X),(X),(X),(X),(X),(X),(X),(X),(X),(X),(X),(X),(X),(X),(X),(X),(X),(X),(X),(X),(X),(X),(X),(X),(X),12.0,4.9,(X),(X),19.8,9.0,(X),(X),7.8,11.0,(X),(X),5.3,3.2,(X),(X),7.6,6.2,(X),(X),8.8,12.5,(X),(X),35.8,15.9,(X),(X),45.6,19.1,(X),(X),0.0,52.9,(X),(X),27.4,10.9,(X),(X),26.6,11.0,(X),(X),27.9,13.2,(X),(X),13.1,3.4,(X),(X),15.9,9.2
1600000US3329780,3329780,"Goffstown CDP, New Hampshire",1711,268,71.9,5.8,1711,268,71.9,5.8,51,54,2.1,2.2,838,171,67.5,8.0,838,171,67.5,8.0,825,170,66.4,8.2,936,139,77.4,7.3,90453,18945,(X),(X),329,68,27.2,5.7,16174,3346,(X),(X),180,75,14.9,6.2,12809,9075,(X),(X),78,83,6.4,6.7,12877,3419,(X),(X),14,24,1.2,1.9,64,18,(X),(X),31883,5819,(X),(X),(X),(X),(X),(X),(X),(X),(X),(X),(X),(X),(X),(X),(X),(X),(X),(X),(X),(X),(X),(X),(X),(X),(X),(X),(X),(X),(X),(X),(X),(X),(X),(X),(X),(X),(X),(X),(X),(X),(X),(X),(X),(X),(X),(X),(X),(X),(X),(X),(X),(X),0.0,3.2,(X),(X),0.0,5.9,(X),(X),0.0,48.9,(X),(X),0.0,4.5,(X),(X),0.0,9.6,(X),(X),0.0,79.0,(X),(X),0.0,15.5,(X),(X),0.0,21.1,(X),(X),0.0,62.2,(X),(X),0.0,3.2,(X),(X),0.0,3.2,(X),(X),0.0,3.8,(X),(X),1.0,1.1,(X),(X),3.9,5.3
1600000US3330180,3330180,"Gorham CDP, New Hampshire",841,150,65.5,7.1,841,150,65.5,7.1,20,30,1.6,2.3,304,80,50.7,10.8,304,80,50.7,10.8,304,80,50.7,10.8,587,111,77.7,8.1,52072,8234,(X),(X),291,74,38.5,8.5,18161,2528,(X),(X),195,68,25.8,7.6,11767,3651,(X),(X),15,20,2.0,2.6,7120,11,(X),(X),41,48,5.4,6.2,973,62,(X),(X),26667,2654,(X),(X),(X),(X),(X),(X),(X),(X),(X),(X),(X),(X),(X),(X),(X),(X),(X),(X),(X),(X),(X),(X),(X),(X),(X),(X),(X),(X),(X),(X),(X),(X),(X),(X),(X),(X),(X),(X),(X),(X),(X),(X),(X),(X),(X),(X),(X),(X),(X),(X),(X),(X),2.7,3.8,(X),(X),7.1,10.4,(X),(X),0.0,55.9,(X),(X),0.0,8.3,(X),(X),0.0,21.6,(X),(X),-,**,(X),(X),22.6,28.8,(X),(X),100.0,82.2,(X),(X),-,**,(X),(X),9.1,13.9,(X),(X),9.1,13.9,(X),(X),11.7,17.7,(X),(X),3.8,2.5,(X),(X),0.4,0.8
1600000US3331860,3331860,"Greenville CDP, New Hampshire",729,203,75.2,8.8,729,203,75.2,8.8,110,68,11.4,5.5,278,84,61.9,14.8,278,84,61.9,14.8,236,82,52.6,15.6,352,70,73.2,11.1,70394,10413,(X),(X),134,50,27.9,9.8,16210,3060,(X),(X),50,32,10.4,6.6,12110,9729,(X),(X),6,9,1.2,1.9,14383,32,(X),(X),0,85,0.0,6.0,-,**,(X),(X),23375,3900,(X),(X),(X),(X),(X),(X),(X),(X),(X),(X),(X),(X),(X),(X),(X),(X),(X),(X),(X),(X),(X),(X),(X),(X),(X),(X),(X),(X),(X),(X),(X),(X),(X),(X),(X),(X),(X),(X),(X),(X),(X),(X),(X),(X),(X),(X),(X),(X),(X),(X),(X),(X),13.5,13.4,(X),(X),27.3,23.8,(X),(X),0.0,100.0,(X),(X),0.0,14.0,(X),(X),0.0,33.6,(X),(X),0.0,100.0,(X),(X),52.3,44.0,(X),(X),57.6,46.1,(X),(X),-,**,(X),(X),34.7,27.1,(X),(X),34.7,27.1,(X),(X),26.5,22.4,(X),(X),8.7,5.1,(X),(X),8.4,9.5
1600000US3332260,3332260,"Groveton CDP, New Hampshire",614,136,54.1,8.2,610,136,53.8,8.2,60,42,5.3,3.2,266,77,46.4,10.5,266,77,46.4,10.5,233,70,40.7,11.8,441,83,76.2,8.1,38189,5185,(X),(X),222,51,38.3,9.4,16639,2304,(X),(X),147,48,25.4,8.1,12486,3682,(X),(X),72,48,12.4,7.9,7711,2234,(X),(X),57,45,9.8,7.4,3309,2080,(X),(X),17791,1995,(X),(X),(X),(X),(X),(X),(X),(X),(X),(X),(X),(X),(X),(X),(X),(X),(X),(X),(X),(X),(X),(X),(X),(X),(X),(X),(X),(X),(X),(X),(X),(X),(X),(X),(X),(X),(X),(X),(X),(X),(X),(X),(X),(X),(X),(X),(X),(X),(X),(X),(X),(X),10.6,8.9,(X),(X),19.2,19.7,(X),(X),53.3,48.9,(X),(X),2.1,2.9,(X),(X),0.0,22.9,(X),(X),0.0,100.0,(X),(X),30.7,30.1,(X),(X),44.7,45.5,(X),(X),0.0,100.0,(X),(X),13.8,14.3,(X),(X),15.1,15.5,(X),(X),10.3,14.7,(X),(X),8.5,4.9,(X),(X),0.0,12.3
1600000US3332980,3332980,"Hampton CDP, New Hampshire",5260,353,70.4,3.5,5100,351,68.3,3.5,140,68,1.9,0.9,2558,237,68.4,4.5,2528,218,67.6,4.3,2472,221,66.1,4.5,3065,221,81.3,3.8,88250,7931,(X),(X),1144,196,30.3,4.5,18586,1709,(X),(X),844,166,22.4,4.1,26550,4432,(X),(X),102,69,2.7,1.9,7992,1662,(X),(X),28,33,0.7,0.9,1143,521,(X),(X),38750,2967,(X),(X),(X),(X),(X),(X),(X),(X),(X),(X),(X),(X),(X),(X),(X),(X),(X),(X),(X),(X),(X),(X),(X),(X),(X),(X),(X),(X),(X),(X),(X),(X),(X),(X),(X),(X),(X),(X),(X),(X),(X),(X),(X),(X),(X),(X),(X),(X),(X),(X),(X),(X),5.3,3.6,(X),(X),11.1,7.6,(X),(X),0.0,20.0,(X),(X),1.4,1.7,(X),(X),1.9,3.4,(X),(X),0.0,21.6,(X),(X),38.1,23.2,(X),(X),54.7,26.7,(X),(X),0.0,85.9,(X),(X),8.9,6.0,(X),(X),8.9,6.0,(X),(X),9.9,6.5,(X),(X),4.8,1.8,(X),(X),8.9,4.1
1600000US3333140,3333140,"Hampton Beach CDP, New Hampshire",1679,314,71.1,8.4,1679,314,71.1,8.4,186,113,7.9,4.6,860,186,68.3,8.9,860,186,68.3,8.9,715,193,56.8,12.2,1148,231,80.3,8.8,80577,19601,(X),(X),314,136,22.0,9.4,16310,4490,(X),(X),250,107,17.5,6.9,27225,9092,(X),(X),52,65,3.6,4.5,9738,1873,(X),(X),45,71,3.1,4.9,278,4,(X),(X),43191,10478,(X),(X),(X),(X),(X),(X),(X),(X),(X),(X),(X),(X),(X),(X),(X),(X),(X),(X),(X),(X),(X),(X),(X),(X),(X),(X),(X),(X),(X),(X),(X),(X),(X),(X),(X),(X),(X),(X),(X),(X),(X),(X),(X),(X),(X),(X),(X),(X),(X),(X),(X),(X),21.6,12.6,(X),(X),64.7,37.5,(X),(X),20.0,49.8,(X),(X),2.9,4.7,(X),(X),0.0,79.0,(X),(X),-,**,(X),(X),50.8,29.1,(X),(X),67.3,40.6,(X),(X),20.0,49.8,(X),(X),74.7,34.1,(X),(X),74.7,34.1,(X),(X),78.9,37.0,(X),(X),17.6,7.8,(X),(X),5.9,9.5
1600000US3333620,3333620,"Hancock CDP, New Hampshire",136,48,63.6,12.7,136,48,63.6,12.7,3,5,1.4,2.4,60,26,48.4,17.4,60,26,48.4,17.4,57,25,46.0,17.0,72,21,65.5,15.4,81838,14494,(X),(X),46,22,41.8,14.2,17113,4945,(X),(X),32,21,29.1,16.7,15484,3720,(X),(X),0,85,0.0,23.6,-,**,(X),(X),3,5,2.7,4.2,1467,51,(X),(X),35021,7243,(X),(X),(X),(X),(X),(X),(X),(X),(X),(X),(X),(X),(X),(X),(X),(X),(X),(X),(X),(X),(X),(X),(X),(X),(X),(X),(X),(X),(X),(X),(X),(X),(X),(X),(X),(X),(X),(X),(X),(X),(X),(X),(X),(X),(X),(X),(X),(X),(X),(X),(X),(X),0.0,33.3,(X),(X),0.0,47.5,(X),(X),-,**,(X),(X),0.0,37.7,(X),(X),0.0,59.4,(X),(X),-,**,(X),(X),0.0,100.0,(X),(X),0.0,100.0,(X),(X),-,**,(X),(X),0.0,38.1,(X),(X),0.0,38.1,(X),(X),0.0,38.1,(X),(X),1.5,2.5,(X),(X),4.3,6.5
1600000US3333780,3333780,"Hanover CDP, New Hampshire",3208,337,41.3,4.1,3206,336,41.3,4.1,128,134,1.6,1.7,1535,246,37.0,5.4,1535,246,37.0,5.4,1528,240,36.9,5.3,1365,172,72.2,6.5,110797,17562,(X),(X),583,100,30.8,4.5,15299,2074,(X),(X),323,95,17.1,4.9,38506,9209,(X),(X),28,31,1.5,1.6,12454,8401,(X),(X),14,22,0.7,1.1,31071,14,(X),(X),26400,3639,(X),(X),(X),(X),(X),(X),(X),(X),(X),(X),(X),(X),(X),(X),(X),(X),(X),(X),(X),(X),(X),(X),(X),(X),(X),(X),(X),(X),(X),(X),(X),(X),(X),(X),(X),(X),(X),(X),(X),(X),(X),(X),(X),(X),(X),(X),(X),(X),(X),(X),(X),(X),2.9,3.8,(X),(X),6.3,7.9,(X),(X),22.8,34.7,(X),(X),0.0,3.2,(X),(X),0.0,7.5,(X),(X),0.0,43.0,(X),(X),23.0,26.1,(X),(X),32.6,36.0,(X),(X),100.0,79.0,(X),(X),4.0,5.4,(X),(X),4.0,5.4,(X),(X),2.8,4.4,(X),(X),13.3,5.7,(X),(X),6.5,5.4
1600000US3335460,3335460,"Henniker CDP, New Hampshire",882,239,59.2,11.8,882,239,59.2,11.8,42,39,2.8,2.5,430,131,53.3,17.6,430,131,53.3,17.6,400,127,49.6,17.3,378,113,82.9,9.7,89481,18877,(X),(X),87,47,19.1,10.1,15797,3996,(X),(X),25,24,5.5,5.4,29108,14692,(X),(X),0,85,0.0,6.4,-,**,(X),(X),0,85,0.0,6.4,-,**,(X),(X),23322,5206,(X),(X),(X),(X),(X),(X),(X),(X),(X),(X),(X),(X),(X),(X),(X),(X),(X),(X),(X),(X),(X),(X),(X),(X),(X),(X),(X),(X),(X),(X),(X),(X),(X),(X),(X),(X),(X),(X),(X),(X),(X),(X),(X),(X),(X),(X),(X),(X),(X),(X),(X),(X),0.0,10.8,(X),(X),0.0,16.9,(X),(X),0.0,55.9,(X),(X),0.0,10.8,(X),(X),0.0,16.9,(X),(X),0.0,55.9,(X),(X),-,**,(X),(X),-,**,(X),(X),-,**,(X),(X),0.0,9.9,(X),(X),0.0,9.9,(X),(X),0.0,13.8,(X),(X),3.1,2.8,(X),(X),20.5,23.9
1600000US3336020,3336020,"Hillsborough CDP, New Hampshire",1226,294,60.0,10.4,1226,294,60.0,10.4,58,75,2.8,3.9,559,214,50.5,16.0,559,214,50.5,16.0,559,214,50.5,16.0,684,145,74.0,14.0,63067,18314,(X),(X),268,105,29.0,11.9,19862,3661,(X),(X),216,98,23.4,11.3,17581,9418,(X),(X),46,57,5.0,6.4,8063,98,(X),(X),58,60,6.3,6.8,3247,5670,(X),(X),20473,4450,(X),(X),(X),(X),(X),(X),(X),(X),(X),(X),(X),(X),(X),(X),(X),(X),(X),(X),(X),(X),(X),(X),(X),(X),(X),(X),(X),(X),(X),(X),(X),(X),(X),(X),(X),(X),(X),(X),(X),(X),(X),(X),(X),(X),(X),(X),(X),(X),(X),(X),(X),(X),6.8,10.7,(X),(X),11.1,18.6,(X),(X),0.0,53.8,(X),(X),12.1,17.3,(X),(X),30.3,39.5,(X),(X),0.0,53.8,(X),(X),0.0,16.7,(X),(X),0.0,20.4,(X),(X),-,**,(X),(X),9.4,16.9,(X),(X),9.8,17.6,(X),(X),12.2,22.2,(X),(X),14.7,9.8,(X),(X),7.6,9.2
1600000US3336580,3336580,"Hinsdale CDP, New Hampshire",770,225,53.8,12.5,770,225,53.8,12.5,88,75,6.2,5.0,295,101,41.8,12.3,295,101,41.8,12.3,270,96,38.3,11.5,440,118,59.1,12.9,61175,11394,(X),(X),403,124,54.1,13.5,17331,3171,(X),(X),206,104,27.7,12.0,11392,6763,(X),(X),85,76,11.4,9.7,12601,3222,(X),(X),48,37,6.4,4.9,1646,1365,(X),(X),24586,3435,(X),(X),(X),(X),(X),(X),(X),(X),(X),(X),(X),(X),(X),(X),(X),(X),(X),(X),(X),(X),(X),(X),(X),(X),(X),(X),(X),(X),(X),(X),(X),(X),(X),(X),(X),(X),(X),(X),(X),(X),(X),(X),(X),(X),(X),(X),(X),(X),(X),(X),(X),(X),3.5,5.4,(X),(X),0.0,17.4,(X),(X),0.0,41.1,(X),(X),4.4,6.8,(X),(X),0.0,21.6,(X),(X),0.0,59.4,(X),(X),0.0,34.6,(X),(X),0.0,95.0,(X),(X),0.0,95.0,(X),(X),0.0,13.0,(X),(X),0.0,13.0,(X),(X),0.0,20.2,(X),(X),7.5,7.0,(X),(X),10.5,10.6
1600000US3337220,3337220,"Hooksett CDP, New Hampshire",2510,300,70.7,5.0,2510,300,70.7,5.0,162,68,4.6,1.9,1323,193,66.0,6.7,1323,193,66.0,6.7,1202,191,59.9,7.2,1465,170,82.2,5.4,78001,7981,(X),(X),605,116,33.9,6.5,17814,2384,(X),(X),303,100,17.0,5.9,17794,4216,(X),(X),11,20,0.6,1.1,13300,8,(X),(X),57,44,3.2,2.5,3196,4232,(X),(X),33959,3505,(X),(X),(X),(X),(X),(X),(X),(X),(X),(X),(X),(X),(X),(X),(X),(X),(X),(X),(X),(X),(X),(X),(X),(X),(X),(X),(X),(X),(X),(X),(X),(X),(X),(X),(X),(X),(X),(X),(X),(X),(X),(X),(X),(X),(X),(X),(X),(X),(X),(X),(X),(X),1.7,2.0,(X),(X),2.7,4.4,(X),(X),0.0,25.7,(X),(X),1.9,2.3,(X),(X),3.5,5.7,(X),(X),0.0,25.7,(X),(X),0.0,25.7,(X),(X),0.0,41.6,(X),(X),-,**,(X),(X),8.4,12.6,(X),(X),6.7,10.3,(X),(X),5.1,7.9,(X),(X),4.5,2.7,(X),(X),4.8,5.9
1600000US3337860,3337860,"Hudson CDP, New Hampshire",4230,370,75.3,3.7,4185,367,74.5,3.8,422,150,7.5,2.7,1911,175,68.8,5.2,1911,175,68.8,5.2,1727,187,62.2,6.6,2354,182,81.7,3.8,74213,6239,(X),(X),881,141,30.6,4.5,17916,1227,(X),(X),485,138,16.8,4.7,9466,2077,(X),(X),72,54,2.5,1.9,8731,2381,(X),(X),86,76,3.0,2.7,5463,4767,(X),(X),29484,2327,(X),(X),(X),(X),(X),(X),(X),(X),(X),(X),(X),(X),(X),(X),(X),(X),(X),(X),(X),(X),(X),(X),(X),(X),(X),(X),(X),(X),(X),(X),(X),(X),(X),(X),(X),(X),(X),(X),(X),(X),(X),(X),(X),(X),(X),(X),(X),(X),(X),(X),(X),(X),3.4,2.7,(X),(X),5.3,4.8,(X),(X),0.0,15.1,(X),(X),0.7,1.2,(X),(X),1.6,2.9,(X),(X),0.0,15.1,(X),(X),16.3,14.9,(X),(X),18.4,19.7,(X),(X),-,**,(X),(X),10.6,9.7,(X),(X),10.6,9.7,(X),(X),8.7,8.3,(X),(X),4.7,2.2,(X),(X),4.8,3.7
1600000US3338420,3338420,"Jaffrey CDP, New Hampshire",1468,248,71.4,7.2,1468,248,71.4,7.2,83,63,4.0,3.1,779,142,68.8,8.9,779,142,68.8,8.9,735,150,64.9,9.6,977,163,80.4,7.1,54379,8785,(X),(X),328,111,27.0,8.4,16327,3000,(X),(X),144,65,11.9,5.2,17803,6783,(X),(X),38,42,3.1,3.4,10245,3640,(X),(X),24,32,2.0,2.6,2088,410,(X),(X),28342,3942,(X),(X),(X),(X),(X),(X),(X),(X),(X),(X),(X),(X),(X),(X),(X),(X),(X),(X),(X),(X),(X),(X),(X),(X),(X),(X),(X),(X),(X),(X),(X),(X),(X),(X),(X),(X),(X),(X),(X),(X),(X),(X),(X),(X),(X),(X),(X),(X),(X),(X),(X),(X),5.2,8.3,(X),(X),14.0,20.6,(X),(X),18.6,32.7,(X),(X),0.0,6.0,(X),(X),0.0,15.6,(X),(X),0.0,27.5,(X),(X),38.8,54.8,(X),(X),55.0,55.0,(X),(X),50.0,50.0,(X),(X),10.8,16.8,(X),(X),10.8,16.8,(X),(X),4.7,9.5,(X),(X),9.4,4.9,(X),(X),10.5,10.2
1600000US3339300,3339300,"Keene city, New Hampshire",13411,433,66.0,2.2,13356,452,65.7,2.2,1501,327,7.4,1.6,6809,394,61.9,2.7,6809,394,61.9,2.7,6014,354,54.7,3.1,7020,407,77.8,2.2,65657,4137,(X),(X),2897,232,32.1,2.2,16129,932,(X),(X),1711,205,19.0,2.2,17316,2741,(X),(X),462,130,5.1,1.4,7684,1455,(X),(X),316,138,3.5,1.6,3838,1505,(X),(X),25631,1622,(X),(X),(X),(X),(X),(X),(X),(X),(X),(X),(X),(X),(X),(X),(X),(X),(X),(X),(X),(X),(X),(X),(X),(X),(X),(X),(X),(X),(X),(X),(X),(X),(X),(X),(X),(X),(X),(X),(X),(X),(X),(X),(X),(X),(X),(X),(X),(X),(X),(X),(X),(X),7.2,2.7,(X),(X),11.3,5.6,(X),(X),8.6,10.2,(X),(X),4.6,2.3,(X),(X),4.7,4.5,(X),(X),3.2,5.9,(X),(X),23.0,10.6,(X),(X),55.9,18.1,(X),(X),60.0,60.0,(X),(X),13.3,6.2,(X),(X),13.1,6.2,(X),(X),13.6,6.8,(X),(X),16.0,3.0,(X),(X),10.8,4.2
1600000US3340180,3340180,"Laconia city, New Hampshire",8720,407,65.6,3.2,8720,407,65.6,3.2,757,210,5.7,1.6,4550,267,63.8,3.8,4550,267,63.8,3.8,4270,291,59.9,4.1,5138,327,74.7,3.7,65192,4842,(X),(X),2281,257,33.2,3.5,15942,1075,(X),(X),1359,211,19.8,2.9,19324,3492,(X),(X),473,162,6.9,2.4,9515,1423,(X),(X),344,135,5.0,2.0,4169,1543,(X),(X),27711,1750,(X),(X),(X),(X),(X),(X),(X),(X),(X),(X),(X),(X),(X),(X),(X),(X),(X),(X),(X),(X),(X),(X),(X),(X),(X),(X),(X),(X),(X),(X),(X),(X),(X),(X),(X),(X),(X),(X),(X),(X),(X),(X),(X),(X),(X),(X),(X),(X),(X),(X),(X),(X),8.3,3.2,(X),(X),11.6,6.0,(X),(X),6.3,9.9,(X),(X),2.7,1.8,(X),(X),0.0,2.8,(X),(X),0.0,16.4,(X),(X),17.5,8.6,(X),(X),26.4,13.7,(X),(X),14.1,22.0,(X),(X),14.2,8.2,(X),(X),14.2,8.2,(X),(X),15.2,9.1,(X),(X),11.2,2.5,(X),(X),7.9,3.8
1600000US3340340,3340340,"Lancaster CDP, New Hampshire",924,177,63.5,7.8,924,177,63.5,7.8,53,43,3.6,2.8,485,108,62.0,10.8,485,108,62.0,10.8,476,108,60.9,10.9,591,106,83.8,7.9,57120,24905,(X),(X),266,99,37.7,12.5,11983,3050,(X),(X),108,55,15.3,7.6,20598,11804,(X),(X),21,26,3.0,3.6,7133,2739,(X),(X),75,59,10.6,8.0,1363,1098,(X),(X),23340,8294,(X),(X),(X),(X),(X),(X),(X),(X),(X),(X),(X),(X),(X),(X),(X),(X),(X),(X),(X),(X),(X),(X),(X),(X),(X),(X),(X),(X),(X),(X),(X),(X),(X),(X),(X),(X),(X),(X),(X),(X),(X),(X),(X),(X),(X),(X),(X),(X),(X),(X),(X),(X),17.7,13.2,(X),(X),20.5,19.5,(X),(X),100.0,85.9,(X),(X),8.5,9.8,(X),(X),0.0,24.9,(X),(X),-,**,(X),(X),29.9,26.1,(X),(X),34.1,29.5,(X),(X),100.0,85.9,(X),(X),19.2,20.5,(X),(X),19.2,20.5,(X),(X),17.5,21.6,(X),(X),18.2,8.0,(X),(X),29.7,23.0
1600000US3341300,3341300,"Lebanon city, New Hampshire",7635,491,69.0,3.8,7635,491,69.0,3.8,260,157,2.3,1.4,3514,360,63.3,4.6,3514,360,63.3,4.6,3378,340,60.9,4.7,4799,306,80.4,3.2,72816,5247,(X),(X),1528,245,25.6,3.7,17589,1848,(X),(X),824,172,13.8,2.7,14224,3818,(X),(X),150,74,2.5,1.3,8843,2571,(X),(X),156,84,2.6,1.4,5630,4732,(X),(X),32975,2453,(X),(X),(X),(X),(X),(X),(X),(X),(X),(X),(X),(X),(X),(X),(X),(X),(X),(X),(X),(X),(X),(X),(X),(X),(X),(X),(X),(X),(X),(X),(X),(X),(X),(X),(X),(X),(X),(X),(X),(X),(X),(X),(X),(X),(X),(X),(X),(X),(X),(X),(X),(X),5.1,2.8,(X),(X),8.3,5.2,(X),(X),12.8,12.7,(X),(X),2.0,2.1,(X),(X),2.2,3.6,(X),(X),7.9,13.3,(X),(X),25.4,15.0,(X),(X),38.0,20.7,(X),(X),100.0,54.8,(X),(X),9.2,5.1,(X),(X),8.5,5.0,(X),(X),6.2,5.5,(X),(X),9.5,3.8,(X),(X),8.5,4.6
1600000US3341780,3341780,"Lincoln CDP, New Hampshire",361,121,51.1,10.1,361,121,51.1,10.1,4,7,0.6,1.0,182,72,50.7,11.3,182,72,50.7,11.3,182,72,50.7,11.3,253,70,59.0,11.5,40581,8574,(X),(X),235,56,54.8,11.3,18032,2200,(X),(X),141,47,32.9,10.5,35383,19122,(X),(X),6,7,1.4,1.6,5050,1785,(X),(X),10,11,2.3,2.7,14250,8625,(X),(X),26668,6211,(X),(X),(X),(X),(X),(X),(X),(X),(X),(X),(X),(X),(X),(X),(X),(X),(X),(X),(X),(X),(X),(X),(X),(X),(X),(X),(X),(X),(X),(X),(X),(X),(X),(X),(X),(X),(X),(X),(X),(X),(X),(X),(X),(X),(X),(X),(X),(X),(X),(X),(X),(X),12.4,10.2,(X),(X),22.2,15.7,(X),(X),-,**,(X),(X),9.0,13.1,(X),(X),0.0,65.4,(X),(X),-,**,(X),(X),23.5,21.1,(X),(X),52.2,37.6,(X),(X),-,**,(X),(X),23.0,17.9,(X),(X),23.0,17.9,(X),(X),27.9,18.1,(X),(X),14.6,7.4,(X),(X),9.9,11.7
1600000US3341940,3341940,"Lisbon CDP, New Hampshire",535,85,66.0,6.7,535,85,66.0,6.7,49,27,6.0,3.3,314,57,67.1,7.9,314,57,67.1,7.9,284,53,60.7,7.9,349,52,84.3,6.2,46245,6794,(X),(X),131,37,31.6,7.8,16538,1820,(X),(X),55,18,13.3,4.2,19722,7629,(X),(X),5,5,1.2,1.1,14640,4480,(X),(X),11,9,2.7,2.2,2855,2171,(X),(X),20872,2477,(X),(X),(X),(X),(X),(X),(X),(X),(X),(X),(X),(X),(X),(X),(X),(X),(X),(X),(X),(X),(X),(X),(X),(X),(X),(X),(X),(X),(X),(X),(X),(X),(X),(X),(X),(X),(X),(X),(X),(X),(X),(X),(X),(X),(X),(X),(X),(X),(X),(X),(X),(X),13.5,7.4,(X),(X),29.2,16.1,(X),(X),15.0,21.1,(X),(X),0.0,16.0,(X),(X),0.0,39.1,(X),(X),0.0,100.0,(X),(X),45.7,20.5,(X),(X),57.1,22.7,(X),(X),18.8,26.5,(X),(X),31.6,21.2,(X),(X),31.6,21.2,(X),(X),35.2,23.1,(X),(X),10.0,3.5,(X),(X),4.6,5.0
1600000US3342500,3342500,"Littleton CDP, New Hampshire",2456,284,69.7,5.3,2447,285,69.5,5.4,195,96,5.5,2.7,1281,171,64.3,6.9,1281,171,64.3,6.9,1182,177,59.4,7.5,1491,179,77.5,5.4,55423,8560,(X),(X),756,147,39.3,7.0,15497,1982,(X),(X),408,143,21.2,6.7,15252,5268,(X),(X),51,42,2.6,2.2,5043,2680,(X),(X),36,35,1.9,1.8,569,400,(X),(X),24562,3444,(X),(X),(X),(X),(X),(X),(X),(X),(X),(X),(X),(X),(X),(X),(X),(X),(X),(X),(X),(X),(X),(X),(X),(X),(X),(X),(X),(X),(X),(X),(X),(X),(X),(X),(X),(X),(X),(X),(X),(X),(X),(X),(X),(X),(X),(X),(X),(X),(X),(X),(X),(X),4.8,3.7,(X),(X),9.1,8.1,(X),(X),18.4,27.0,(X),(X),2.6,3.0,(X),(X),3.6,6.4,(X),(X),0.0,59.4,(X),(X),7.2,11.9,(X),(X),9.9,15.4,(X),(X),0.0,41.1,(X),(X),9.0,9.9,(X),(X),9.0,9.9,(X),(X),6.2,7.7,(X),(X),8.8,3.3,(X),(X),12.8,6.4
1600000US3343140,3343140,"Londonderry CDP, New Hampshire",6302,358,74.9,3.1,6302,358,74.9,3.1,509,152,6.1,1.7,2802,237,65.4,4.5,2802,237,65.4,4.5,2605,243,60.8,4.6,3435,171,89.2,2.7,100967,8212,(X),(X),906,148,23.5,3.7,20022,1986,(X),(X),666,126,17.3,3.2,23521,4920,(X),(X),61,46,1.6,1.2,13467,4115,(X),(X),34,39,0.9,1.0,5185,3400,(X),(X),37397,3333,(X),(X),(X),(X),(X),(X),(X),(X),(X),(X),(X),(X),(X),(X),(X),(X),(X),(X),(X),(X),(X),(X),(X),(X),(X),(X),(X),(X),(X),(X),(X),(X),(X),(X),(X),(X),(X),(X),(X),(X),(X),(X),(X),(X),(X),(X),(X),(X),(X),(X),(X),(X),1.8,1.7,(X),(X),2.0,2.3,(X),(X),0.0,20.9,(X),(X),0.5,0.8,(X),(X),0.0,2.3,(X),(X),0.0,20.9,(X),(X),12.5,13.2,(X),(X),12.5,16.2,(X),(X),-,**,(X),(X),2.2,2.4,(X),(X),2.2,2.4,(X),(X),2.4,2.9,(X),(X),2.4,1.2,(X),(X),4.5,3.3
1600000US3343300,3343300,"Loudon CDP, New Hampshire",338,101,64.4,11.4,338,101,64.4,11.4,23,26,4.4,5.0,180,65,66.2,12.1,180,65,66.2,12.1,169,68,62.1,13.7,202,67,75.7,13.1,102969,44350,(X),(X),132,61,49.4,19.4,24414,9582,(X),(X),78,39,29.2,15.1,21603,9161,(X),(X),0,85,0.0,10.6,-,**,(X),(X),0,85,0.0,10.6,-,**,(X),(X),48804,20338,(X),(X),(X),(X),(X),(X),(X),(X),(X),(X),(X),(X),(X),(X),(X),(X),(X),(X),(X),(X),(X),(X),(X),(X),(X),(X),(X),(X),(X),(X),(X),(X),(X),(X),(X),(X),(X),(X),(X),(X),(X),(X),(X),(X),(X),(X),(X),(X),(X),(X),(X),(X),0.0,15.7,(X),(X),0.0,57.0,(X),(X),0.0,95.0,(X),(X),0.0,19.7,(X),(X),0.0,71.2,(X),(X),-,**,(X),(X),0.0,53.8,(X),(X),0.0,95.0,(X),(X),0.0,95.0,(X),(X),0.0,46.2,(X),(X),0.0,46.2,(X),(X),0.0,63.7,(X),(X),0.0,5.6,(X),(X),0.0,15.1
1600000US3345140,3345140,"Manchester city, New Hampshire",61951,1039,70.3,1.0,61845,1038,70.2,1.0,4619,592,5.2,0.7,28945,707,64.9,1.4,28945,707,64.9,1.4,26906,765,60.3,1.6,36432,678,80.7,1.1,68412,2296,(X),(X),11494,501,25.5,1.1,15585,505,(X),(X),6378,492,14.1,1.1,16680,1240,(X),(X),2301,302,5.1,0.7,8576,806,(X),(X),2177,292,4.8,0.7,3677,589,(X),(X),27467,776,(X),(X),(X),(X),(X),(X),(X),(X),(X),(X),(X),(X),(X),(X),(X),(X),(X),(X),(X),(X),(X),(X),(X),(X),(X),(X),(X),(X),(X),(X),(X),(X),(X),(X),(X),(X),(X),(X),(X),(X),(X),(X),(X),(X),(X),(X),(X),(X),(X),(X),(X),(X),10.2,1.4,(X),(X),18.2,2.5,(X),(X),20.3,5.4,(X),(X),3.2,0.8,(X),(X),5.7,1.8,(X),(X),5.3,3.7,(X),(X),30.0,4.4,(X),(X),38.4,5.5,(X),(X),48.9,12.4,(X),(X),22.4,3.3,(X),(X),21.9,3.3,(X),(X),20.6,3.6,(X),(X),11.3,1.0,(X),(X),8.5,1.5
1600000US3345380,3345380,"Marlborough CDP, New Hampshire",651,178,74.4,7.3,651,178,74.4,7.3,8,11,0.9,1.3,324,102,74.0,10.5,324,102,74.0,10.5,316,102,72.1,10.9,352,89,78.9,7.9,55495,5310,(X),(X),126,42,28.3,9.2,18167,2811,(X),(X),105,47,23.5,10.2,16354,6215,(X),(X),2,4,0.4,1.0,-,**,(X),(X),12,13,2.7,2.9,467,241,(X),(X),23294,3089,(X),(X),(X),(X),(X),(X),(X),(X),(X),(X),(X),(X),(X),(X),(X),(X),(X),(X),(X),(X),(X),(X),(X),(X),(X),(X),(X),(X),(X),(X),(X),(X),(X),(X),(X),(X),(X),(X),(X),(X),(X),(X),(X),(X),(X),(X),(X),(X),(X),(X),(X),(X),1.5,2.3,(X),(X),0.0,17.1,(X),(X),0.0,51.2,(X),(X),1.8,2.8,(X),(X),0.0,21.7,(X),(X),0.0,51.2,(X),(X),0.0,60.7,(X),(X),0.0,85.9,(X),(X),-,**,(X),(X),0.0,14.2,(X),(X),0.0,14.2,(X),(X),0.0,18.1,(X),(X),6.9,4.1,(X),(X),9.7,10.5
1600000US3346980,3346980,"Melvin Village CDP, New Hampshire",44,48,42.3,40.0,44,48,42.3,40.0,8,13,7.7,13.5,44,48,56.4,42.4,44,48,56.4,42.4,36,43,46.2,38.7,21,22,38.9,38.9,54971,16595,(X),(X),37,31,68.5,36.2,18992,9961,(X),(X),30,28,55.6,31.4,17243,4065,(X),(X),0,85,0.0,38.8,-,**,(X),(X),0,85,0.0,38.8,-,**,(X),(X),32154,11177,(X),(X),(X),(X),(X),(X),(X),(X),(X),(X),(X),(X),(X),(X),(X),(X),(X),(X),(X),(X),(X),(X),(X),(X),(X),(X),(X),(X),(X),(X),(X),(X),(X),(X),(X),(X),(X),(X),(X),(X),(X),(X),(X),(X),(X),(X),(X),(X),(X),(X),(X),(X),0.0,50.4,(X),(X),-,**,(X),(X),-,**,(X),(X),0.0,67.2,(X),(X),-,**,(X),(X),-,**,(X),(X),0.0,100.0,(X),(X),-,**,(X),(X),-,**,(X),(X),-,**,(X),(X),-,**,(X),(X),-,**,(X),(X),0.0,24.7,(X),(X),0.0,49.6
1600000US3347060,3347060,"Meredith CDP, New Hampshire",930,212,65.9,6.3,930,212,65.9,6.3,77,80,5.5,5.3,458,139,67.2,10.2,458,139,67.2,10.2,395,115,57.9,11.8,594,140,73.8,10.4,58642,16662,(X),(X),155,59,19.3,8.5,15058,2568,(X),(X),82,48,10.2,6.5,20455,7460,(X),(X),44,38,5.5,4.9,12932,6942,(X),(X),21,24,2.6,3.3,1152,434,(X),(X),27748,5673,(X),(X),(X),(X),(X),(X),(X),(X),(X),(X),(X),(X),(X),(X),(X),(X),(X),(X),(X),(X),(X),(X),(X),(X),(X),(X),(X),(X),(X),(X),(X),(X),(X),(X),(X),(X),(X),(X),(X),(X),(X),(X),(X),(X),(X),(X),(X),(X),(X),(X),(X),(X),19.7,10.8,(X),(X),26.2,19.1,(X),(X),0.0,19.4,(X),(X),0.0,10.4,(X),(X),0.0,21.7,(X),(X),0.0,24.9,(X),(X),57.7,46.7,(X),(X),50.0,50.0,(X),(X),-,**,(X),(X),26.8,16.9,(X),(X),26.8,16.9,(X),(X),57.1,32.8,(X),(X),18.2,8.1,(X),(X),12.4,13.7
1600000US3347940,3347940,"Milford CDP, New Hampshire",5757,413,77.5,3.4,5743,414,77.3,3.4,327,138,4.4,1.8,2716,286,70.9,5.1,2716,286,70.9,5.1,2515,277,65.6,5.5,3282,188,86.6,3.0,75467,6057,(X),(X),852,156,22.5,4.0,14301,1611,(X),(X),572,123,15.1,3.2,14667,4395,(X),(X),72,62,1.9,1.7,11225,2992,(X),(X),24,29,0.6,0.8,1079,428,(X),(X),31866,2748,(X),(X),(X),(X),(X),(X),(X),(X),(X),(X),(X),(X),(X),(X),(X),(X),(X),(X),(X),(X),(X),(X),(X),(X),(X),(X),(X),(X),(X),(X),(X),(X),(X),(X),(X),(X),(X),(X),(X),(X),(X),(X),(X),(X),(X),(X),(X),(X),(X),(X),(X),(X),6.4,4.2,(X),(X),10.2,7.2,(X),(X),21.7,17.5,(X),(X),4.8,4.7,(X),(X),8.5,10.3,(X),(X),14.9,20.0,(X),(X),8.5,9.4,(X),(X),13.6,15.0,(X),(X),37.8,49.7,(X),(X),12.2,9.6,(X),(X),10.4,8.2,(X),(X),6.7,7.0,(X),(X),9.4,3.4,(X),(X),9.5,7.8
1600000US3348580,3348580,"Milton CDP, New Hampshire",420,153,73.8,11.2,420,153,73.8,11.2,55,51,9.7,8.9,194,86,78.9,16.9,194,86,78.9,16.9,180,83,73.2,17.7,236,94,85.8,15.3,62597,15731,(X),(X),64,54,23.3,17.8,17481,2316,(X),(X),24,39,8.7,13.5,3513,4,(X),(X),0,85,0.0,10.3,-,**,(X),(X),19,31,6.9,11.2,1500,5,(X),(X),25917,6097,(X),(X),(X),(X),(X),(X),(X),(X),(X),(X),(X),(X),(X),(X),(X),(X),(X),(X),(X),(X),(X),(X),(X),(X),(X),(X),(X),(X),(X),(X),(X),(X),(X),(X),(X),(X),(X),(X),(X),(X),(X),(X),(X),(X),(X),(X),(X),(X),(X),(X),(X),(X),0.0,13.7,(X),(X),0.0,27.5,(X),(X),0.0,79.0,(X),(X),0.0,22.0,(X),(X),0.0,54.8,(X),(X),0.0,79.0,(X),(X),0.0,59.4,(X),(X),0.0,59.4,(X),(X),-,**,(X),(X),0.0,22.7,(X),(X),0.0,22.7,(X),(X),0.0,25.1,(X),(X),7.4,8.5,(X),(X),0.0,45.1
1600000US3348740,3348740,"Milton Mills CDP, New Hampshire",95,90,77.9,25.5,95,90,77.9,25.5,20,33,16.4,23.5,48,47,64.0,34.8,48,47,64.0,34.8,48,47,64.0,34.8,49,47,100.0,40.7,64157,16873,(X),(X),0,85,0.0,40.7,-,**,(X),(X),0,85,0.0,40.7,-,**,(X),(X),0,85,0.0,40.7,-,**,(X),(X),0,85,0.0,40.7,-,**,(X),(X),21553,9537,(X),(X),(X),(X),(X),(X),(X),(X),(X),(X),(X),(X),(X),(X),(X),(X),(X),(X),(X),(X),(X),(X),(X),(X),(X),(X),(X),(X),(X),(X),(X),(X),(X),(X),(X),(X),(X),(X),(X),(X),(X),(X),(X),(X),(X),(X),(X),(X),(X),(X),(X),(X),0.0,47.5,(X),(X),0.0,47.5,(X),(X),-,**,(X),(X),0.0,76.1,(X),(X),0.0,76.1,(X),(X),-,**,(X),(X),0.0,60.7,(X),(X),0.0,60.7,(X),(X),-,**,(X),(X),0.0,44.5,(X),(X),0.0,44.5,(X),(X),0.0,44.5,(X),(X),0.0,24.1,(X),(X),-,**
1600000US3349600,3349600,"Mountain Lakes CDP, New Hampshire",371,183,83.0,11.6,371,183,83.0,11.6,29,35,6.5,7.1,174,86,76.0,19.4,174,86,76.0,19.4,165,86,72.1,19.4,201,87,94.4,6.9,61678,14656,(X),(X),21,15,9.9,8.4,21424,7902,(X),(X),26,20,12.2,10.8,19392,14966,(X),(X),0,85,0.0,13.1,-,**,(X),(X),16,26,7.5,13.3,344,10,(X),(X),24780,8955,(X),(X),(X),(X),(X),(X),(X),(X),(X),(X),(X),(X),(X),(X),(X),(X),(X),(X),(X),(X),(X),(X),(X),(X),(X),(X),(X),(X),(X),(X),(X),(X),(X),(X),(X),(X),(X),(X),(X),(X),(X),(X),(X),(X),(X),(X),(X),(X),(X),(X),(X),(X),1.8,2.9,(X),(X),4.2,8.2,(X),(X),17.6,28.1,(X),(X),1.8,2.9,(X),(X),4.2,8.2,(X),(X),17.6,28.1,(X),(X),-,**,(X),(X),-,**,(X),(X),-,**,(X),(X),2.9,6.0,(X),(X),2.9,6.0,(X),(X),0.0,27.2,(X),(X),10.1,10.9,(X),(X),10.8,15.1
1600000US3350260,3350260,"Nashua city, New Hampshire",50392,902,72.5,1.2,50366,904,72.5,1.2,4128,429,5.9,0.6,23867,668,66.8,1.6,23851,667,66.8,1.6,21710,706,60.8,1.6,28883,527,82.0,1.4,82842,2408,(X),(X),9372,446,26.6,1.2,16871,551,(X),(X),5520,449,15.7,1.2,19361,1866,(X),(X),1493,247,4.2,0.7,8898,885,(X),(X),1195,225,3.4,0.6,3453,864,(X),(X),33032,971,(X),(X),(X),(X),(X),(X),(X),(X),(X),(X),(X),(X),(X),(X),(X),(X),(X),(X),(X),(X),(X),(X),(X),(X),(X),(X),(X),(X),(X),(X),(X),(X),(X),(X),(X),(X),(X),(X),(X),(X),(X),(X),(X),(X),(X),(X),(X),(X),(X),(X),(X),(X),5.4,1.2,(X),(X),8.4,2.0,(X),(X),9.6,4.8,(X),(X),1.8,0.7,(X),(X),1.6,1.0,(X),(X),1.6,1.7,(X),(X),18.5,5.0,(X),(X),28.4,7.5,(X),(X),28.6,17.5,(X),(X),9.9,2.3,(X),(X),9.6,2.4,(X),(X),8.4,2.6,(X),(X),7.3,0.9,(X),(X),6.8,1.8
1600000US3351300,3351300,"Newfields CDP, New Hampshire",139,44,70.2,11.3,139,44,70.2,11.3,4,6,2.0,2.9,59,26,65.6,17.0,59,26,65.6,17.0,59,26,65.6,17.0,84,27,84.0,11.8,72880,23441,(X),(X),43,20,43.0,17.0,15553,3207,(X),(X),14,11,14.0,11.0,18150,17153,(X),(X),5,5,5.0,5.5,17140,5709,(X),(X),2,4,2.0,4.3,-,**,(X),(X),32913,5622,(X),(X),(X),(X),(X),(X),(X),(X),(X),(X),(X),(X),(X),(X),(X),(X),(X),(X),(X),(X),(X),(X),(X),(X),(X),(X),(X),(X),(X),(X),(X),(X),(X),(X),(X),(X),(X),(X),(X),(X),(X),(X),(X),(X),(X),(X),(X),(X),(X),(X),(X),(X),0.0,37.0,(X),(X),0.0,48.9,(X),(X),0.0,100.0,(X),(X),0.0,37.7,(X),(X),0.0,48.9,(X),(X),0.0,100.0,(X),(X),0.0,100.0,(X),(X),-,**,(X),(X),-,**,(X),(X),0.0,36.7,(X),(X),0.0,36.7,(X),(X),0.0,38.1,(X),(X),0.0,15.1,(X),(X),0.0,46.2
1600000US3351460,3351460,"New Hampton CDP, New Hampshire",186,50,73.8,10.0,186,50,73.8,10.0,0,85,0.0,11.2,105,38,69.5,12.4,105,38,69.5,12.4,105,38,69.5,12.4,104,30,88.9,7.1,62750,16065,(X),(X),31,16,26.5,13.6,23439,3527,(X),(X),19,9,16.2,9.0,26768,6703,(X),(X),6,8,5.1,6.9,4267,30,(X),(X),0,85,0.0,22.4,-,**,(X),(X),25376,5553,(X),(X),(X),(X),(X),(X),(X),(X),(X),(X),(X),(X),(X),(X),(X),(X),(X),(X),(X),(X),(X),(X),(X),(X),(X),(X),(X),(X),(X),(X),(X),(X),(X),(X),(X),(X),(X),(X),(X),(X),(X),(X),(X),(X),(X),(X),(X),(X),(X),(X),(X),(X),9.5,9.1,(X),(X),16.1,16.8,(X),(X),-,**,(X),(X),11.8,11.3,(X),(X),23.8,24.8,(X),(X),-,**,(X),(X),0.0,63.7,(X),(X),0.0,63.7,(X),(X),-,**,(X),(X),24.7,22.1,(X),(X),24.7,22.1,(X),(X),21.4,21.5,(X),(X),16.4,14.2,(X),(X),0.0,39.5
1600000US3352020,3352020,"New London CDP, New Hampshire",581,170,42.0,12.0,581,170,42.0,12.0,3,7,0.2,0.5,343,125,40.2,13.8,343,125,40.2,13.8,343,125,40.2,13.8,220,90,68.5,14.5,68235,21391,(X),(X),174,70,54.2,14.9,19894,4544,(X),(X),90,49,28.0,15.0,34539,22038,(X),(X),0,85,0.0,8.9,-,**,(X),(X),0,85,0.0,8.9,-,**,(X),(X),19468,5508,(X),(X),(X),(X),(X),(X),(X),(X),(X),(X),(X),(X),(X),(X),(X),(X),(X),(X),(X),(X),(X),(X),(X),(X),(X),(X),(X),(X),(X),(X),(X),(X),(X),(X),(X),(X),(X),(X),(X),(X),(X),(X),(X),(X),(X),(X),(X),(X),(X),(X),(X),(X),10.2,16.5,(X),(X),29.4,46.2,(X),(X),100.0,73.6,(X),(X),0.0,20.2,(X),(X),0.0,47.5,(X),(X),-,**,(X),(X),100.0,73.6,(X),(X),100.0,73.6,(X),(X),100.0,73.6,(X),(X),18.5,34.0,(X),(X),18.5,34.0,(X),(X),0.0,44.5,(X),(X),11.2,10.1,(X),(X),13.8,17.8
1600000US3352260,3352260,"Newmarket CDP, New Hampshire",3343,284,79.6,3.3,3289,287,78.3,3.4,131,83,3.1,2.0,1441,175,70.5,5.8,1441,175,70.5,5.8,1397,180,68.3,6.3,2016,159,90.8,3.3,62598,5899,(X),(X),397,121,17.9,5.5,13530,2045,(X),(X),149,56,6.7,2.5,24191,8361,(X),(X),93,69,4.2,3.1,9727,3526,(X),(X),67,53,3.0,2.4,3299,1954,(X),(X),28515,2911,(X),(X),(X),(X),(X),(X),(X),(X),(X),(X),(X),(X),(X),(X),(X),(X),(X),(X),(X),(X),(X),(X),(X),(X),(X),(X),(X),(X),(X),(X),(X),(X),(X),(X),(X),(X),(X),(X),(X),(X),(X),(X),(X),(X),(X),(X),(X),(X),(X),(X),(X),(X),11.1,8.0,(X),(X),17.2,14.1,(X),(X),0.0,17.8,(X),(X),8.1,8.3,(X),(X),9.3,13.3,(X),(X),0.0,21.7,(X),(X),40.3,33.7,(X),(X),46.4,38.2,(X),(X),-,**,(X),(X),20.4,16.4,(X),(X),20.4,16.4,(X),(X),23.5,19.2,(X),(X),15.4,4.7,(X),(X),6.4,6.9
1600000US3352500,3352500,"Newport CDP, New Hampshire",2585,319,67.2,5.3,2585,319,67.2,5.3,113,75,2.9,1.9,1312,207,61.3,6.6,1312,207,61.3,6.6,1252,199,58.5,6.7,1505,173,74.7,4.9,49900,3760,(X),(X),728,121,36.1,5.0,13635,1470,(X),(X),248,95,12.3,4.9,13735,4696,(X),(X),90,77,4.5,3.8,7094,1384,(X),(X),90,56,4.5,2.8,2273,1612,(X),(X),20205,2280,(X),(X),(X),(X),(X),(X),(X),(X),(X),(X),(X),(X),(X),(X),(X),(X),(X),(X),(X),(X),(X),(X),(X),(X),(X),(X),(X),(X),(X),(X),(X),(X),(X),(X),(X),(X),(X),(X),(X),(X),(X),(X),(X),(X),(X),(X),(X),(X),(X),(X),(X),(X),8.7,5.9,(X),(X),17.9,11.9,(X),(X),13.7,27.7,(X),(X),5.8,5.7,(X),(X),12.8,12.3,(X),(X),13.7,27.7,(X),(X),31.1,31.3,(X),(X),44.6,38.9,(X),(X),-,**,(X),(X),17.2,12.9,(X),(X),17.2,12.9,(X),(X),19.8,14.8,(X),(X),14.9,4.8,(X),(X),14.9,9.7
1600000US3353860,3353860,"North Conway CDP, New Hampshire",1445,371,72.8,9.3,1445,371,72.8,9.3,35,34,1.8,1.7,549,153,59.4,12.7,549,153,59.4,12.7,525,152,56.8,12.8,917,225,80.4,10.0,43812,9593,(X),(X),311,115,27.3,10.5,13942,5519,(X),(X),104,89,9.1,7.8,12687,5457,(X),(X),95,72,8.3,6.5,8608,4057,(X),(X),27,40,2.4,3.6,911,5505,(X),(X),21664,4470,(X),(X),(X),(X),(X),(X),(X),(X),(X),(X),(X),(X),(X),(X),(X),(X),(X),(X),(X),(X),(X),(X),(X),(X),(X),(X),(X),(X),(X),(X),(X),(X),(X),(X),(X),(X),(X),(X),(X),(X),(X),(X),(X),(X),(X),(X),(X),(X),(X),(X),(X),(X),12.1,15.0,(X),(X),25.2,28.4,(X),(X),0.0,57.0,(X),(X),0.0,7.0,(X),(X),0.0,16.2,(X),(X),0.0,57.0,(X),(X),50.8,44.4,(X),(X),73.0,47.3,(X),(X),-,**,(X),(X),46.8,40.0,(X),(X),45.3,42.0,(X),(X),40.3,42.9,(X),(X),14.0,6.7,(X),(X),13.3,18.2
1600000US3356420,3356420,"North Walpole CDP, New Hampshire",613,166,69.1,9.7,613,166,69.1,9.7,60,50,6.8,5.7,296,109,64.8,15.1,296,109,64.8,15.1,281,107,61.5,14.6,346,77,80.3,10.7,60259,11852,(X),(X),110,50,25.5,12.2,16850,5485,(X),(X),69,40,16.0,9.7,13649,4427,(X),(X),17,20,3.9,4.5,6635,7389,(X),(X),9,17,2.1,3.8,1244,26,(X),(X),20546,4079,(X),(X),(X),(X),(X),(X),(X),(X),(X),(X),(X),(X),(X),(X),(X),(X),(X),(X),(X),(X),(X),(X),(X),(X),(X),(X),(X),(X),(X),(X),(X),(X),(X),(X),(X),(X),(X),(X),(X),(X),(X),(X),(X),(X),(X),(X),(X),(X),(X),(X),(X),(X),9.2,10.8,(X),(X),13.5,16.3,(X),(X),41.9,48.8,(X),(X),4.6,7.4,(X),(X),8.6,18.0,(X),(X),-,**,(X),(X),18.0,24.5,(X),(X),20.5,29.4,(X),(X),41.9,48.8,(X),(X),15.1,17.8,(X),(X),15.1,17.8,(X),(X),2.2,3.9,(X),(X),15.9,7.6,(X),(X),13.6,14.8
1600000US3357220,3357220,"North Woodstock CDP, New Hampshire",267,93,66.9,13.4,267,93,66.9,13.4,4,5,1.0,1.2,117,44,57.4,14.7,117,44,57.4,14.7,113,43,55.4,14.2,152,49,76.0,12.3,53693,10807,(X),(X),74,26,37.0,12.0,19682,5196,(X),(X),39,22,19.5,9.9,24408,9513,(X),(X),3,4,1.5,2.1,7333,60,(X),(X),0,85,0.0,13.9,-,**,(X),(X),30179,6797,(X),(X),(X),(X),(X),(X),(X),(X),(X),(X),(X),(X),(X),(X),(X),(X),(X),(X),(X),(X),(X),(X),(X),(X),(X),(X),(X),(X),(X),(X),(X),(X),(X),(X),(X),(X),(X),(X),(X),(X),(X),(X),(X),(X),(X),(X),(X),(X),(X),(X),(X),(X),0.0,19.9,(X),(X),0.0,46.8,(X),(X),0.0,100.0,(X),(X),0.0,22.5,(X),(X),0.0,65.4,(X),(X),-,**,(X),(X),0.0,76.1,(X),(X),0.0,76.1,(X),(X),0.0,100.0,(X),(X),0.0,29.7,(X),(X),0.0,29.7,(X),(X),0.0,38.1,(X),(X),4.2,4.9,(X),(X),11.1,16.6
1600000US3360500,3360500,"Peterborough CDP, New Hampshire",1559,256,61.8,6.6,1559,256,61.8,6.6,41,44,1.6,1.7,734,168,52.4,8.9,734,168,52.4,8.9,711,159,50.7,8.5,1035,153,69.7,7.2,65229,13809,(X),(X),607,119,40.8,7.3,18740,2463,(X),(X),295,99,19.9,6.7,12106,3415,(X),(X),48,43,3.2,3.0,6610,1159,(X),(X),40,58,2.7,3.9,-,**,(X),(X),32615,4320,(X),(X),(X),(X),(X),(X),(X),(X),(X),(X),(X),(X),(X),(X),(X),(X),(X),(X),(X),(X),(X),(X),(X),(X),(X),(X),(X),(X),(X),(X),(X),(X),(X),(X),(X),(X),(X),(X),(X),(X),(X),(X),(X),(X),(X),(X),(X),(X),(X),(X),(X),(X),2.3,3.9,(X),(X),5.3,8.8,(X),(X),27.1,35.0,(X),(X),0.0,6.5,(X),(X),0.0,19.4,(X),(X),0.0,53.8,(X),(X),8.2,14.0,(X),(X),9.6,16.4,(X),(X),51.6,51.6,(X),(X),3.6,5.7,(X),(X),3.6,5.7,(X),(X),0.0,6.8,(X),(X),6.2,3.2,(X),(X),6.4,6.1
1600000US3361220,3361220,"Pinardville CDP, New Hampshire",2540,312,73.2,4.9,2540,312,73.2,4.9,86,55,2.5,1.5,1269,166,66.8,6.4,1269,166,66.8,6.4,1206,167,63.5,7.0,1467,157,84.1,4.1,69467,7579,(X),(X),411,86,23.6,4.8,15634,1845,(X),(X),290,100,16.6,5.6,18437,4713,(X),(X),34,37,1.9,2.1,6185,1995,(X),(X),64,55,3.7,3.1,3550,3611,(X),(X),30496,3277,(X),(X),(X),(X),(X),(X),(X),(X),(X),(X),(X),(X),(X),(X),(X),(X),(X),(X),(X),(X),(X),(X),(X),(X),(X),(X),(X),(X),(X),(X),(X),(X),(X),(X),(X),(X),(X),(X),(X),(X),(X),(X),(X),(X),(X),(X),(X),(X),(X),(X),(X),(X),5.7,5.2,(X),(X),0.0,9.0,(X),(X),0.0,31.7,(X),(X),2.9,4.3,(X),(X),0.0,15.2,(X),(X),0.0,44.0,(X),(X),15.3,17.2,(X),(X),0.0,21.3,(X),(X),0.0,62.2,(X),(X),0.0,6.4,(X),(X),0.0,6.4,(X),(X),0.0,8.9,(X),(X),5.8,4.4,(X),(X),11.2,13.9
1600000US3361860,3361860,"Pittsfield CDP, New Hampshire",800,222,61.9,7.2,800,222,61.9,7.2,40,43,3.1,3.2,356,109,58.8,12.8,356,109,58.8,12.8,316,113,52.2,15.5,488,117,78.1,9.2,51692,8367,(X),(X),156,58,25.0,8.7,15831,3094,(X),(X),45,26,7.2,4.4,37400,27348,(X),(X),37,26,5.9,4.1,6338,1719,(X),(X),56,54,9.0,8.6,4618,936,(X),(X),20069,4327,(X),(X),(X),(X),(X),(X),(X),(X),(X),(X),(X),(X),(X),(X),(X),(X),(X),(X),(X),(X),(X),(X),(X),(X),(X),(X),(X),(X),(X),(X),(X),(X),(X),(X),(X),(X),(X),(X),(X),(X),(X),(X),(X),(X),(X),(X),(X),(X),(X),(X),(X),(X),30.9,19.9,(X),(X),61.1,30.0,(X),(X),0.0,54.8,(X),(X),6.5,7.4,(X),(X),11.1,23.8,(X),(X),0.0,54.8,(X),(X),100.0,28.9,(X),(X),100.0,28.9,(X),(X),-,**,(X),(X),74.8,28.9,(X),(X),74.8,28.9,(X),(X),84.2,22.9,(X),(X),17.3,8.9,(X),(X),19.7,18.2
1600000US3362260,3362260,"Plainfield CDP, New Hampshire",114,60,68.7,14.3,114,60,68.7,14.3,0,85,0.0,16.5,49,25,62.0,29.6,49,25,62.0,29.6,49,25,62.0,29.6,68,36,81.9,20.5,74250,25830,(X),(X),47,28,56.6,24.6,10643,8720,(X),(X),18,10,21.7,14.4,31100,6056,(X),(X),0,85,0.0,29.5,-,**,(X),(X),0,85,0.0,29.5,-,**,(X),(X),27641,3766,(X),(X),(X),(X),(X),(X),(X),(X),(X),(X),(X),(X),(X),(X),(X),(X),(X),(X),(X),(X),(X),(X),(X),(X),(X),(X),(X),(X),(X),(X),(X),(X),(X),(X),(X),(X),(X),(X),(X),(X),(X),(X),(X),(X),(X),(X),(X),(X),(X),(X),(X),(X),0.0,29.5,(X),(X),0.0,46.2,(X),(X),0.0,95.0,(X),(X),0.0,40.7,(X),(X),0.0,59.4,(X),(X),-,**,(X),(X),0.0,57.0,(X),(X),0.0,100.0,(X),(X),-,**,(X),(X),0.0,36.0,(X),(X),0.0,36.0,(X),(X),0.0,42.0,(X),(X),0.0,17.1,(X),(X),0.0,42.5
1600000US3362580,3362580,"Plymouth CDP, New Hampshire",1630,373,46.3,11.1,1621,371,46.1,11.0,50,57,1.4,1.6,877,293,50.7,9.6,877,293,50.7,9.6,862,295,49.8,9.8,717,186,83.2,11.9,53384,13690,(X),(X),156,102,18.1,11.7,16668,4947,(X),(X),52,43,6.0,5.1,33479,15211,(X),(X),51,80,5.9,9.1,7465,3,(X),(X),0,85,0.0,3.4,-,**,(X),(X),17025,4096,(X),(X),(X),(X),(X),(X),(X),(X),(X),(X),(X),(X),(X),(X),(X),(X),(X),(X),(X),(X),(X),(X),(X),(X),(X),(X),(X),(X),(X),(X),(X),(X),(X),(X),(X),(X),(X),(X),(X),(X),(X),(X),(X),(X),(X),(X),(X),(X),(X),(X),(X),(X),3.9,6.1,(X),(X),0.0,17.9,(X),(X),-,**,(X),(X),5.4,8.2,(X),(X),0.0,23.4,(X),(X),-,**,(X),(X),0.0,41.1,(X),(X),0.0,67.2,(X),(X),-,**,(X),(X),0.0,9.2,(X),(X),0.0,9.2,(X),(X),0.0,10.6,(X),(X),42.3,15.4,(X),(X),10.6,17.8
1600000US3362900,3362900,"Portsmouth city, New Hampshire",13222,425,74.0,1.8,12998,427,72.7,1.8,597,169,3.3,0.9,6259,330,66.7,2.8,6245,327,66.5,2.8,6006,342,64.0,3.0,8236,299,82.4,1.9,82365,4789,(X),(X),2497,233,25.0,2.1,15326,961,(X),(X),1711,234,17.1,2.3,23416,3328,(X),(X),265,99,2.7,1.0,9695,2252,(X),(X),280,122,2.8,1.2,3340,1408,(X),(X),39344,2056,(X),(X),(X),(X),(X),(X),(X),(X),(X),(X),(X),(X),(X),(X),(X),(X),(X),(X),(X),(X),(X),(X),(X),(X),(X),(X),(X),(X),(X),(X),(X),(X),(X),(X),(X),(X),(X),(X),(X),(X),(X),(X),(X),(X),(X),(X),(X),(X),(X),(X),(X),(X),5.6,2.3,(X),(X),7.9,4.2,(X),(X),4.8,5.8,(X),(X),2.9,2.0,(X),(X),2.2,3.3,(X),(X),0.0,9.3,(X),(X),17.1,8.4,(X),(X),26.9,13.5,(X),(X),32.7,33.0,(X),(X),8.6,4.5,(X),(X),8.0,4.4,(X),(X),6.7,4.1,(X),(X),9.1,1.8,(X),(X),8.7,4.5
1600000US3363940,3363940,"Raymond CDP, New Hampshire",1849,290,74.9,7.6,1849,290,74.9,7.6,192,110,7.8,4.3,960,204,71.9,8.8,960,204,71.9,8.8,856,178,64.1,8.5,977,160,73.8,8.0,73478,6427,(X),(X),424,123,32.0,9.3,16981,1754,(X),(X),179,84,13.5,5.9,9915,2891,(X),(X),20,19,1.5,1.5,10250,4556,(X),(X),18,23,1.4,1.7,3161,75,(X),(X),29764,3361,(X),(X),(X),(X),(X),(X),(X),(X),(X),(X),(X),(X),(X),(X),(X),(X),(X),(X),(X),(X),(X),(X),(X),(X),(X),(X),(X),(X),(X),(X),(X),(X),(X),(X),(X),(X),(X),(X),(X),(X),(X),(X),(X),(X),(X),(X),(X),(X),(X),(X),(X),(X),1.9,2.2,(X),(X),2.7,4.5,(X),(X),0.0,34.9,(X),(X),2.6,3.0,(X),(X),5.8,9.5,(X),(X),0.0,48.9,(X),(X),0.0,19.0,(X),(X),0.0,23.2,(X),(X),0.0,51.2,(X),(X),4.0,7.3,(X),(X),4.0,7.3,(X),(X),5.5,10.0,(X),(X),9.2,4.6,(X),(X),18.6,19.9
1600000US3365140,3365140,"Rochester city, New Hampshire",16747,485,68.6,1.7,16696,482,68.4,1.7,936,248,3.8,1.0,8283,363,63.8,2.3,8246,354,63.5,2.3,7809,369,60.1,2.6,9923,311,80.3,2.1,67145,4990,(X),(X),4002,278,32.4,2.1,16444,810,(X),(X),2372,254,19.2,2.0,17881,1744,(X),(X),632,167,5.1,1.4,9553,1325,(X),(X),651,177,5.3,1.4,3088,1475,(X),(X),27902,1639,(X),(X),(X),(X),(X),(X),(X),(X),(X),(X),(X),(X),(X),(X),(X),(X),(X),(X),(X),(X),(X),(X),(X),(X),(X),(X),(X),(X),(X),(X),(X),(X),(X),(X),(X),(X),(X),(X),(X),(X),(X),(X),(X),(X),(X),(X),(X),(X),(X),(X),(X),(X),9.0,2.1,(X),(X),18.4,4.7,(X),(X),41.4,12.9,(X),(X),2.0,1.1,(X),(X),2.0,1.7,(X),(X),4.0,6.4,(X),(X),35.3,8.6,(X),(X),53.7,11.1,(X),(X),88.6,10.4,(X),(X),22.7,6.7,(X),(X),21.8,6.8,(X),(X),15.2,6.7,(X),(X),9.1,1.4,(X),(X),5.4,2.6
1600000US3367460,3367460,"Sanbornville CDP, New Hampshire",753,275,83.5,11.2,753,275,83.5,11.2,10,30,1.1,3.6,261,128,66.4,17.3,261,128,66.4,17.3,261,128,66.4,17.3,417,141,85.5,14.4,57479,14494,(X),(X),146,92,29.9,16.7,10029,1577,(X),(X),90,83,18.4,15.7,11810,11441,(X),(X),18,28,3.7,5.8,2639,11,(X),(X),26,53,5.3,10.4,7908,11,(X),(X),27757,5542,(X),(X),(X),(X),(X),(X),(X),(X),(X),(X),(X),(X),(X),(X),(X),(X),(X),(X),(X),(X),(X),(X),(X),(X),(X),(X),(X),(X),(X),(X),(X),(X),(X),(X),(X),(X),(X),(X),(X),(X),(X),(X),(X),(X),(X),(X),(X),(X),(X),(X),(X),(X),0.0,8.0,(X),(X),0.0,35.6,(X),(X),-,**,(X),(X),0.0,17.7,(X),(X),0.0,40.3,(X),(X),-,**,(X),(X),0.0,37.7,(X),(X),0.0,79.0,(X),(X),-,**,(X),(X),0.0,27.0,(X),(X),0.0,27.0,(X),(X),0.0,27.0,(X),(X),4.5,5.2,(X),(X),0.0,27.5
1600000US3368340,3368340,"Seabrook Beach CDP, New Hampshire",719,215,58.1,10.7,719,215,58.1,10.7,54,53,4.4,3.9,368,111,53.9,10.9,368,111,53.9,10.9,332,99,48.6,13.3,441,118,71.6,11.9,66820,16928,(X),(X),340,135,55.2,15.3,17962,4290,(X),(X),146,85,23.7,11.6,16969,4338,(X),(X),13,20,2.1,3.2,7469,15,(X),(X),45,51,7.3,7.9,629,590,(X),(X),33554,7896,(X),(X),(X),(X),(X),(X),(X),(X),(X),(X),(X),(X),(X),(X),(X),(X),(X),(X),(X),(X),(X),(X),(X),(X),(X),(X),(X),(X),(X),(X),(X),(X),(X),(X),(X),(X),(X),(X),(X),(X),(X),(X),(X),(X),(X),(X),(X),(X),(X),(X),(X),(X),0.0,7.7,(X),(X),0.0,25.3,(X),(X),0.0,39.1,(X),(X),0.0,11.4,(X),(X),0.0,38.4,(X),(X),0.0,45.1,(X),(X),0.0,28.4,(X),(X),0.0,49.6,(X),(X),-,**,(X),(X),0.0,15.1,(X),(X),0.0,15.1,(X),(X),0.0,23.9,(X),(X),8.3,6.4,(X),(X),3.9,5.8
1600000US3369940,3369940,"Somersworth city, New Hampshire",6518,383,69.0,3.1,6492,386,68.7,3.2,408,195,4.3,2.0,3110,284,62.4,4.6,3110,284,62.4,4.6,2871,259,57.6,4.3,3728,225,78.7,3.4,64402,4821,(X),(X),1476,201,31.1,3.9,13814,1472,(X),(X),830,153,17.5,3.2,18158,3470,(X),(X),276,122,5.8,2.5,7988,2778,(X),(X),379,127,8.0,2.7,3290,1149,(X),(X),25037,1724,(X),(X),(X),(X),(X),(X),(X),(X),(X),(X),(X),(X),(X),(X),(X),(X),(X),(X),(X),(X),(X),(X),(X),(X),(X),(X),(X),(X),(X),(X),(X),(X),(X),(X),(X),(X),(X),(X),(X),(X),(X),(X),(X),(X),(X),(X),(X),(X),(X),(X),(X),(X),8.8,4.2,(X),(X),11.7,5.7,(X),(X),24.6,16.4,(X),(X),3.3,3.3,(X),(X),1.7,2.4,(X),(X),5.1,7.3,(X),(X),23.4,12.9,(X),(X),42.3,23.0,(X),(X),61.5,47.1,(X),(X),10.2,4.8,(X),(X),9.7,4.9,(X),(X),4.2,2.8,(X),(X),11.7,2.9,(X),(X),10.0,6.3
1600000US3371220,3371220,"South Hooksett CDP, New Hampshire",2979,256,70.0,4.3,2979,256,70.0,4.3,82,55,1.9,1.3,1365,201,63.3,6.6,1365,201,63.3,6.6,1334,196,61.9,6.5,1342,127,83.5,3.9,106445,17268,(X),(X),381,76,23.7,4.5,21164,2470,(X),(X),265,73,16.5,4.5,18772,6334,(X),(X),19,30,1.2,1.9,8084,7,(X),(X),22,27,1.4,1.7,1800,1697,(X),(X),31294,4633,(X),(X),(X),(X),(X),(X),(X),(X),(X),(X),(X),(X),(X),(X),(X),(X),(X),(X),(X),(X),(X),(X),(X),(X),(X),(X),(X),(X),(X),(X),(X),(X),(X),(X),(X),(X),(X),(X),(X),(X),(X),(X),(X),(X),(X),(X),(X),(X),(X),(X),(X),(X),0.8,1.5,(X),(X),1.5,2.8,(X),(X),0.0,18.0,(X),(X),0.9,1.7,(X),(X),1.6,3.1,(X),(X),0.0,18.0,(X),(X),0.0,20.9,(X),(X),0.0,40.3,(X),(X),-,**,(X),(X),2.5,4.5,(X),(X),2.5,4.5,(X),(X),2.2,4.2,(X),(X),1.3,1.5,(X),(X),0.2,0.4
1600000US3374780,3374780,"Suissevale CDP, New Hampshire",36,40,37.5,31.6,36,40,37.5,31.6,0,85,0.0,26.3,11,18,30.6,43.8,11,18,30.6,43.8,11,18,30.6,43.8,26,28,42.6,40.8,73977,24959,(X),(X),14,18,23.0,33.8,31257,17657,(X),(X),8,13,13.1,23.6,13200,22,(X),(X),0,85,0.0,36.3,-,**,(X),(X),0,85,0.0,36.3,-,**,(X),(X),26001,14108,(X),(X),(X),(X),(X),(X),(X),(X),(X),(X),(X),(X),(X),(X),(X),(X),(X),(X),(X),(X),(X),(X),(X),(X),(X),(X),(X),(X),(X),(X),(X),(X),(X),(X),(X),(X),(X),(X),(X),(X),(X),(X),(X),(X),(X),(X),(X),(X),(X),(X),(X),(X),0.0,48.9,(X),(X),0.0,55.9,(X),(X),-,**,(X),(X),0.0,65.4,(X),(X),0.0,85.9,(X),(X),-,**,(X),(X),-,**,(X),(X),-,**,(X),(X),-,**,(X),(X),0.0,55.9,(X),(X),0.0,55.9,(X),(X),0.0,55.9,(X),(X),39.6,33.2,(X),(X),0.0,60.7
1600000US3375140,3375140,"Suncook CDP, New Hampshire",2846,341,68.5,4.8,2846,341,68.5,4.8,187,122,4.5,2.9,1601,217,67.5,6.7,1601,217,67.5,6.7,1495,230,63.0,8.0,1855,212,80.1,5.9,58413,5564,(X),(X),619,114,26.7,4.6,18786,2396,(X),(X),444,129,19.2,5.4,9471,3108,(X),(X),37,34,1.6,1.4,12235,5787,(X),(X),86,58,3.7,2.5,833,443,(X),(X),24643,2199,(X),(X),(X),(X),(X),(X),(X),(X),(X),(X),(X),(X),(X),(X),(X),(X),(X),(X),(X),(X),(X),(X),(X),(X),(X),(X),(X),(X),(X),(X),(X),(X),(X),(X),(X),(X),(X),(X),(X),(X),(X),(X),(X),(X),(X),(X),(X),(X),(X),(X),(X),(X),7.8,7.5,(X),(X),13.6,12.8,(X),(X),51.8,32.9,(X),(X),1.8,2.7,(X),(X),4.4,6.6,(X),(X),0.0,37.4,(X),(X),21.8,22.7,(X),(X),24.3,25.3,(X),(X),91.7,17.2,(X),(X),8.6,8.1,(X),(X),8.6,8.1,(X),(X),1.4,2.2,(X),(X),10.0,4.6,(X),(X),5.1,5.6
1600000US3377100,3377100,"Tilton Northfield CDP, New Hampshire",1944,255,63.8,5.2,1944,255,63.8,5.2,146,72,4.8,2.3,967,168,63.9,7.6,967,168,63.9,7.6,927,163,61.2,7.3,1126,125,84.5,5.0,62864,8547,(X),(X),368,86,27.6,6.2,12683,1443,(X),(X),209,71,15.7,5.3,6780,2803,(X),(X),45,33,3.4,2.4,6320,2841,(X),(X),54,48,4.1,3.5,4317,3993,(X),(X),22607,2964,(X),(X),(X),(X),(X),(X),(X),(X),(X),(X),(X),(X),(X),(X),(X),(X),(X),(X),(X),(X),(X),(X),(X),(X),(X),(X),(X),(X),(X),(X),(X),(X),(X),(X),(X),(X),(X),(X),(X),(X),(X),(X),(X),(X),(X),(X),(X),(X),(X),(X),(X),(X),9.9,7.5,(X),(X),21.2,17.5,(X),(X),31.0,33.7,(X),(X),9.6,9.8,(X),(X),22.7,23.5,(X),(X),24.3,39.2,(X),(X),13.6,13.6,(X),(X),29.0,33.8,(X),(X),100.0,95.0,(X),(X),26.7,22.2,(X),(X),26.7,22.2,(X),(X),24.6,22.8,(X),(X),18.9,6.5,(X),(X),30.5,14.8
1600000US3377300,3377300,"Troy CDP, New Hampshire",834,136,76.9,6.1,834,136,76.9,6.1,77,59,7.1,5.4,440,89,79.7,6.9,440,89,79.7,6.9,425,91,77.0,7.7,504,84,91.8,3.9,64562,10622,(X),(X),120,40,21.9,7.0,15093,2061,(X),(X),53,29,9.7,5.4,10074,4431,(X),(X),26,30,4.7,5.7,5315,1810,(X),(X),27,22,4.9,4.0,2422,840,(X),(X),24665,3977,(X),(X),(X),(X),(X),(X),(X),(X),(X),(X),(X),(X),(X),(X),(X),(X),(X),(X),(X),(X),(X),(X),(X),(X),(X),(X),(X),(X),(X),(X),(X),(X),(X),(X),(X),(X),(X),(X),(X),(X),(X),(X),(X),(X),(X),(X),(X),(X),(X),(X),(X),(X),7.5,7.1,(X),(X),12.0,12.2,(X),(X),0.0,45.1,(X),(X),8.0,8.8,(X),(X),14.3,17.2,(X),(X),0.0,60.7,(X),(X),6.7,11.2,(X),(X),8.6,15.1,(X),(X),0.0,100.0,(X),(X),14.6,12.3,(X),(X),14.6,12.3,(X),(X),13.1,12.2,(X),(X),10.5,7.4,(X),(X),7.8,8.9
1600000US3377780,3377780,"Union CDP, New Hampshire",176,93,66.2,29.3,176,93,66.2,29.3,0,85,0.0,10.7,71,53,58.7,40.4,71,53,58.7,40.4,71,53,58.7,40.4,110,55,87.3,20.3,40377,16167,(X),(X),30,33,23.8,25.1,27587,10631,(X),(X),24,33,19.0,26.8,23788,8228,(X),(X),0,85,0.0,21.0,-,**,(X),(X),0,85,0.0,21.0,-,**,(X),(X),18402,4635,(X),(X),(X),(X),(X),(X),(X),(X),(X),(X),(X),(X),(X),(X),(X),(X),(X),(X),(X),(X),(X),(X),(X),(X),(X),(X),(X),(X),(X),(X),(X),(X),(X),(X),(X),(X),(X),(X),(X),(X),(X),(X),(X),(X),(X),(X),(X),(X),(X),(X),(X),(X),0.0,32.3,(X),(X),0.0,37.0,(X),(X),0.0,52.0,(X),(X),0.0,32.3,(X),(X),0.0,37.0,(X),(X),0.0,52.0,(X),(X),-,**,(X),(X),-,**,(X),(X),-,**,(X),(X),0.0,26.8,(X),(X),0.0,26.8,(X),(X),0.0,41.6,(X),(X),7.8,12.6,(X),(X),0.0,36.3
1600000US3378340,3378340,"Walpole CDP, New Hampshire",313,142,72.6,17.8,313,142,72.6,17.8,32,35,7.4,8.7,124,74,61.1,24.6,124,74,61.1,24.6,115,74,56.7,24.2,176,77,71.3,19.6,62381,15762,(X),(X),59,47,23.9,18.4,16310,6481,(X),(X),20,24,8.1,9.4,4115,1240,(X),(X),21,24,8.5,10.5,8819,1326,(X),(X),21,33,8.5,13.0,800,5,(X),(X),23338,5068,(X),(X),(X),(X),(X),(X),(X),(X),(X),(X),(X),(X),(X),(X),(X),(X),(X),(X),(X),(X),(X),(X),(X),(X),(X),(X),(X),(X),(X),(X),(X),(X),(X),(X),(X),(X),(X),(X),(X),(X),(X),(X),(X),(X),(X),(X),(X),(X),(X),(X),(X),(X),0.0,20.6,(X),(X),0.0,25.7,(X),(X),-,**,(X),(X),0.0,21.6,(X),(X),0.0,27.2,(X),(X),-,**,(X),(X),-,**,(X),(X),-,**,(X),(X),-,**,(X),(X),3.5,7.0,(X),(X),0.0,16.5,(X),(X),0.0,21.0,(X),(X),8.0,8.7,(X),(X),27.6,36.6
1600000US3378500,3378500,"Warner CDP, New Hampshire",192,69,45.7,14.9,192,69,45.7,14.9,13,20,3.1,4.8,108,44,44.8,16.4,108,44,44.8,16.4,95,37,39.4,14.7,100,32,46.7,14.0,91307,26058,(X),(X),119,46,55.6,13.6,20248,3703,(X),(X),50,44,23.4,17.9,15140,9564,(X),(X),7,11,3.3,5.2,-,**,(X),(X),8,12,3.7,5.7,1275,19,(X),(X),28381,5837,(X),(X),(X),(X),(X),(X),(X),(X),(X),(X),(X),(X),(X),(X),(X),(X),(X),(X),(X),(X),(X),(X),(X),(X),(X),(X),(X),(X),(X),(X),(X),(X),(X),(X),(X),(X),(X),(X),(X),(X),(X),(X),(X),(X),(X),(X),(X),(X),(X),(X),(X),(X),0.0,17.3,(X),(X),0.0,48.9,(X),(X),-,**,(X),(X),0.0,18.1,(X),(X),0.0,55.9,(X),(X),-,**,(X),(X),0.0,100.0,(X),(X),0.0,100.0,(X),(X),-,**,(X),(X),0.0,41.1,(X),(X),0.0,41.1,(X),(X),0.0,44.5,(X),(X),4.3,4.6,(X),(X),0.0,15.6
1600000US3383620,3383620,"West Stewartstown CDP, New Hampshire",177,64,55.1,11.0,177,64,55.1,11.0,20,13,6.2,4.2,103,37,61.7,14.7,103,37,61.7,14.7,96,38,57.5,14.7,120,36,77.9,11.2,29410,7547,(X),(X),69,29,44.8,16.3,21735,3178,(X),(X),10,10,6.5,6.0,33520,39203,(X),(X),9,14,5.8,8.7,6233,12,(X),(X),6,9,3.9,5.8,317,29,(X),(X),14315,3196,(X),(X),(X),(X),(X),(X),(X),(X),(X),(X),(X),(X),(X),(X),(X),(X),(X),(X),(X),(X),(X),(X),(X),(X),(X),(X),(X),(X),(X),(X),(X),(X),(X),(X),(X),(X),(X),(X),(X),(X),(X),(X),(X),(X),(X),(X),(X),(X),(X),(X),(X),(X),2.7,4.1,(X),(X),7.5,11.1,(X),(X),-,**,(X),(X),3.4,5.0,(X),(X),11.1,16.1,(X),(X),-,**,(X),(X),0.0,76.1,(X),(X),0.0,100.0,(X),(X),-,**,(X),(X),2.9,5.5,(X),(X),2.9,5.5,(X),(X),3.1,5.8,(X),(X),7.1,5.6,(X),(X),4.8,9.3
1600000US3383700,3383700,"West Swanzey CDP, New Hampshire",699,269,72.1,14.5,699,269,72.1,14.5,59,46,6.1,4.6,427,175,71.2,14.0,427,175,71.2,14.0,395,165,65.8,14.7,451,151,74.5,12.4,48723,14426,(X),(X),216,92,35.7,14.4,17640,3997,(X),(X),98,86,16.2,13.5,13231,3473,(X),(X),15,25,2.5,4.0,10340,15,(X),(X),0,85,0.0,4.8,-,**,(X),(X),27372,4709,(X),(X),(X),(X),(X),(X),(X),(X),(X),(X),(X),(X),(X),(X),(X),(X),(X),(X),(X),(X),(X),(X),(X),(X),(X),(X),(X),(X),(X),(X),(X),(X),(X),(X),(X),(X),(X),(X),(X),(X),(X),(X),(X),(X),(X),(X),(X),(X),(X),(X),(X),(X),2.1,4.3,(X),(X),9.0,19.7,(X),(X),0.0,73.6,(X),(X),0.0,14.6,(X),(X),0.0,47.5,(X),(X),0.0,73.6,(X),(X),14.0,31.9,(X),(X),19.4,44.6,(X),(X),-,**,(X),(X),7.6,14.3,(X),(X),7.6,14.3,(X),(X),9.0,18.5,(X),(X),5.5,6.3,(X),(X),16.6,20.2
1600000US3384340,3384340,"Whitefield CDP, New Hampshire",532,94,63.6,7.0,532,94,63.6,7.0,91,51,10.9,5.9,269,63,60.7,9.9,269,63,60.7,9.9,222,45,50.1,9.3,305,54,68.1,7.4,47562,6345,(X),(X),178,45,39.7,9.0,12298,1487,(X),(X),52,24,11.6,5.3,10977,5913,(X),(X),8,9,1.8,2.0,9738,2101,(X),(X),10,13,2.2,2.9,310,157,(X),(X),18846,1950,(X),(X),(X),(X),(X),(X),(X),(X),(X),(X),(X),(X),(X),(X),(X),(X),(X),(X),(X),(X),(X),(X),(X),(X),(X),(X),(X),(X),(X),(X),(X),(X),(X),(X),(X),(X),(X),(X),(X),(X),(X),(X),(X),(X),(X),(X),(X),(X),(X),(X),(X),(X),8.3,6.5,(X),(X),15.4,12.7,(X),(X),0.0,100.0,(X),(X),2.6,3.5,(X),(X),7.0,9.8,(X),(X),0.0,100.0,(X),(X),23.6,20.6,(X),(X),26.9,26.0,(X),(X),-,**,(X),(X),21.0,16.7,(X),(X),21.0,16.7,(X),(X),20.3,17.6,(X),(X),14.6,6.2,(X),(X),30.8,17.9
1600000US3385140,3385140,"Wilton CDP, New Hampshire",545,140,63.2,7.7,545,140,63.2,7.7,60,55,7.0,6.3,269,95,61.3,12.6,269,95,61.3,12.6,256,97,58.3,13.5,304,79,71.0,11.7,60367,8837,(X),(X),164,66,38.3,13.4,18101,3154,(X),(X),83,46,19.4,10.5,24728,9163,(X),(X),0,85,0.0,6.8,-,**,(X),(X),26,42,6.1,9.6,18046,6,(X),(X),23185,4355,(X),(X),(X),(X),(X),(X),(X),(X),(X),(X),(X),(X),(X),(X),(X),(X),(X),(X),(X),(X),(X),(X),(X),(X),(X),(X),(X),(X),(X),(X),(X),(X),(X),(X),(X),(X),(X),(X),(X),(X),(X),(X),(X),(X),(X),(X),(X),(X),(X),(X),(X),(X),0.0,11.0,(X),(X),0.0,21.1,(X),(X),-,**,(X),(X),0.0,12.6,(X),(X),0.0,23.2,(X),(X),-,**,(X),(X),0.0,82.3,(X),(X),-,**,(X),(X),-,**,(X),(X),0.0,10.9,(X),(X),0.0,10.9,(X),(X),0.0,13.3,(X),(X),2.7,2.9,(X),(X),0.0,13.6
1600000US3385460,3385460,"Winchester CDP, New Hampshire",969,224,65.8,7.2,969,224,65.8,7.2,177,120,12.0,7.4,460,131,68.2,9.6,460,131,68.2,9.6,370,107,54.9,9.3,644,122,85.2,7.0,46060,8161,(X),(X),222,73,29.4,8.8,16117,2312,(X),(X),147,68,19.4,9.3,10723,4262,(X),(X),66,43,8.7,5.5,10727,3550,(X),(X),82,69,10.8,9.0,5727,2580,(X),(X),20791,3995,(X),(X),(X),(X),(X),(X),(X),(X),(X),(X),(X),(X),(X),(X),(X),(X),(X),(X),(X),(X),(X),(X),(X),(X),(X),(X),(X),(X),(X),(X),(X),(X),(X),(X),(X),(X),(X),(X),(X),(X),(X),(X),(X),(X),(X),(X),(X),(X),(X),(X),(X),(X),29.0,11.2,(X),(X),54.3,19.6,(X),(X),0.0,53.8,(X),(X),21.0,14.7,(X),(X),40.5,28.8,(X),(X),0.0,65.4,(X),(X),47.1,39.3,(X),(X),90.9,18.4,(X),(X),-,**,(X),(X),69.2,17.0,(X),(X),69.2,17.0,(X),(X),65.5,20.7,(X),(X),25.0,7.7,(X),(X),2.6,2.4
1600000US3386340,3386340,"Wolfeboro CDP, New Hampshire",1228,357,54.4,11.6,1228,357,54.4,11.6,111,103,4.9,4.5,730,210,54.2,11.5,730,210,54.2,11.5,713,205,52.9,11.3,801,197,65.8,10.9,53479,15527,(X),(X),461,138,37.8,10.8,20950,3138,(X),(X),394,123,32.3,10.1,25875,5770,(X),(X),11,22,0.9,1.7,5500,2,(X),(X),0,85,0.0,2.4,-,**,(X),(X),29630,6974,(X),(X),(X),(X),(X),(X),(X),(X),(X),(X),(X),(X),(X),(X),(X),(X),(X),(X),(X),(X),(X),(X),(X),(X),(X),(X),(X),(X),(X),(X),(X),(X),(X),(X),(X),(X),(X),(X),(X),(X),(X),(X),(X),(X),(X),(X),(X),(X),(X),(X),(X),(X),8.5,12.0,(X),(X),26.3,33.0,(X),(X),100.0,39.9,(X),(X),0.0,5.6,(X),(X),0.0,21.1,(X),(X),-,**,(X),(X),63.8,54.7,(X),(X),73.9,51.5,(X),(X),100.0,39.9,(X),(X),17.4,24.7,(X),(X),17.4,24.7,(X),(X),0.0,12.1,(X),(X),12.9,8.5,(X),(X),3.7,4.3
1600000US3387140,3387140,"Woodsville CDP, New Hampshire",580,125,51.2,8.4,580,125,51.2,8.4,68,51,6.0,4.3,349,86,56.7,16.5,349,86,56.7,16.5,312,86,50.7,16.4,411,83,82.4,7.9,37355,10616,(X),(X),161,85,32.3,16.4,12736,5672,(X),(X),114,73,22.8,14.1,9182,3565,(X),(X),117,76,23.4,14.5,14412,3722,(X),(X),3,9,0.6,1.9,2433,69,(X),(X),14744,2621,(X),(X),(X),(X),(X),(X),(X),(X),(X),(X),(X),(X),(X),(X),(X),(X),(X),(X),(X),(X),(X),(X),(X),(X),(X),(X),(X),(X),(X),(X),(X),(X),(X),(X),(X),(X),(X),(X),(X),(X),(X),(X),(X),(X),(X),(X),(X),(X),(X),(X),(X),(X),19.7,12.6,(X),(X),36.9,30.5,(X),(X),48.6,51.4,(X),(X),8.6,8.3,(X),(X),21.8,22.1,(X),(X),0.0,65.4,(X),(X),51.1,43.0,(X),(X),60.0,46.8,(X),(X),100.0,67.2,(X),(X),44.4,30.6,(X),(X),44.4,30.6,(X),(X),46.1,30.8,(X),(X),16.6,9.3,(X),(X),5.9,11.0
